order_id,review_score
1,5
2,5
3,4
4,2
5,5
6,4
7,4
8,2
9,3
10,5
11,4
12,1
13,4
14,4
15,5
16,3
17,5
18,5
19,5
20,2
21,5
22,5
23,1
24,3
25,3
26,1
27,2
28,4
29,2
30,5
31,5
32,5
33,5
34,2
35,3
36,4
37,4
38,3
39,4
40,4
41,4
42,3
43,4
44,1
45,3
46,4
47,3
48,5
49,5
50,4
51,3
52,1
53,2
54,2
55,5
56,3
57,3
58,4
59,5
60,4
61,5
62,5
63,4
64,3
65,4
66,3
67,5
68,1
69,5
70,5
71,5
72,5
73,2
74,4
75,3
76,4
77,5
78,5
79,5
80,4
81,5
82,5
83,4
84,4
85,2
86,4
87,3
88,5
89,1
90,5
91,4
92,5
93,4
94,4
95,2
96,2
97,5
98,4
99,2
100,1
101,3
102,5
103,5
104,5
105,4
106,5
107,1
108,4
109,1
110,5
111,5
112,4
113,4
114,3
115,3
116,2
117,5
118,4
119,2
120,2
121,5
122,2
123,5
124,3
125,4
126,1
127,5
128,3
129,5
130,3
131,5
132,3
133,5
134,5
135,5
136,5
137,5
138,5
139,4
140,4
141,4
142,4
143,5
144,5
145,1
146,5
147,5
148,5
149,4
150,3
151,4
152,4
153,1
154,4
155,4
156,5
157,3
158,1
159,2
160,3
161,4
162,5
163,1
164,5
165,5
166,5
167,3
168,5
169,5
170,4
171,5
172,3
173,3
174,5
175,2
176,5
177,2
178,3
179,5
180,5
181,5
182,3
183,5
184,2
185,3
186,5
187,3
188,4
189,4
190,4
191,4
192,5
193,4
194,5
195,4
196,5
197,3
198,5
199,5
200,1
201,4
202,3
203,3
204,4
205,5
206,1
207,5
208,4
209,5
210,5
211,3
212,4
213,5
214,5
215,4
216,4
217,2
218,5
219,5
220,5
221,5
222,4
223,1
224,5
225,5
226,5
227,5
228,5
229,3
230,3
231,5
232,5
233,5
234,3
235,5
236,4
237,5
238,3
239,5
240,5
241,5
242,4
243,1
244,5
245,2
246,4
247,3
248,2
249,5
250,4
251,4
252,5
253,5
254,5
255,3
256,5
257,3
258,5
259,4
260,5
261,2
262,3
263,2
264,4
265,5
266,5
267,4
268,3
269,5
270,2
271,4
272,3
273,3
274,3
275,5
276,2
277,2
278,2
279,1
280,5
281,5
282,5
283,3
284,2
285,5
286,4
287,4
288,5
289,5
290,3
291,3
292,1
293,5
294,4
295,5
296,2
297,4
298,4
299,4
300,5
301,3
302,5
303,5
304,4
305,4
306,4
307,2
308,3
309,3
310,3
311,5
312,5
313,5
314,5
315,3
316,4
317,3
318,5
319,1
320,1
321,5
322,4
323,2
324,5
325,5
326,4
327,5
328,4
329,4
330,4
331,2
332,5
333,2
334,2
335,4
336,4
337,5
338,3
339,4
340,4
341,1
342,4
343,5
344,3
345,5
346,4
347,4
348,5
349,4
350,5
351,5
352,3
353,5
354,5
355,2
356,4
357,5
358,3
359,5
360,1
361,4
362,5
363,3
364,3
365,3
366,5
367,5
368,5
369,3
370,5
371,4
372,4
373,5
374,3
375,3
376,5
377,4
378,5
379,4
380,5
381,3
382,4
383,5
384,2
385,3
386,3
387,3
388,4
389,4
390,5
391,5
392,4
393,5
394,4
395,2
396,1
397,3
398,2
399,2
400,2
401,5
402,5
403,3
404,5
405,1
406,4
407,5
408,5
409,1
410,5
411,4
412,1
413,5
414,5
415,5
416,5
417,4
418,5
419,5
420,5
421,5
422,2
423,5
424,4
425,5
426,4
427,4
428,3
429,4
430,1
431,3
432,4
433,4
434,5
435,3
436,4
437,3
438,3
439,5
440,4
441,4
442,4
443,4
444,4
445,4
446,4
447,3
448,4
449,5
450,4
451,3
452,4
453,3
454,5
455,1
456,5
457,5
458,5
459,5
460,3
461,2
462,5
463,5
464,5
465,1
466,3
467,5
468,5
469,5
470,2
471,4
472,4
473,4
474,4
475,4
476,2
477,3
478,4
479,4
480,1
481,4
482,4
483,5
484,5
485,5
486,2
487,5
488,3
489,4
490,4
491,4
492,5
493,3
494,3
495,4
496,5
497,4
498,5
499,5
500,4
501,5
502,4
503,4
504,5
505,4
506,5
507,5
508,5
509,4
510,5
511,4
512,5
513,5
514,4
515,3
516,5
517,4
518,3
519,5
520,4
521,5
522,4
523,5
524,2
525,5
526,1
527,4
528,4
529,5
530,5
531,5
532,5
533,1
534,2
535,2
536,3
537,4
538,5
539,4
540,4
541,2
542,2
543,4
544,3
545,4
546,5
547,5
548,5
549,1
550,3
551,4
552,4
553,4
554,3
555,4
556,5
557,3
558,5
559,4
560,4
561,5
562,4
563,1
564,5
565,5
566,4
567,5
568,4
569,4
570,4
571,2
572,4
573,5
574,5
575,5
576,4
577,4
578,3
579,3
580,1
581,5
582,5
583,5
584,1
585,4
586,3
587,5
588,3
589,3
590,4
591,5
592,3
593,3
594,4
595,4
596,5
597,5
598,4
599,4
600,5
601,1
602,5
603,4
604,4
605,4
606,1
607,5
608,4
609,4
610,5
611,3
612,3
613,5
614,5
615,5
616,2
617,4
618,4
619,5
620,5
621,1
622,4
623,3
624,1
625,5
626,4
627,1
628,1
629,5
630,3
631,4
632,3
633,5
634,4
635,1
636,3
637,3
638,4
639,2
640,5
641,5
642,4
643,5
644,5
645,4
646,5
647,5
648,5
649,5
650,5
651,3
652,4
653,2
654,4
655,5
656,5
657,5
658,1
659,4
660,3
661,4
662,5
663,3
664,2
665,3
666,3
667,5
668,5
669,1
670,3
671,3
672,4
673,1
674,5
675,3
676,4
677,4
678,4
679,5
680,4
681,5
682,5
683,4
685,2
686,5
687,3
688,3
689,3
690,4
691,5
692,2
693,5
694,4
695,5
696,4
697,5
698,5
699,5
700,4
701,3
702,5
703,4
704,2
705,5
706,4
707,4
708,2
709,3
710,4
711,5
712,2
713,3
714,4
715,4
716,5
717,4
718,4
719,2
720,2
721,4
722,5
723,3
724,4
725,5
726,4
727,5
728,4
729,3
730,4
731,4
732,5
733,4
734,3
735,5
736,4
737,5
738,4
739,4
740,5
741,5
742,5
743,1
744,5
745,4
746,5
747,5
748,2
749,5
750,4
751,5
752,3
753,4
754,2
755,5
756,5
757,5
758,3
759,3
760,1
761,4
762,4
763,5
764,5
765,2
766,5
767,2
768,1
769,4
770,1
771,5
772,4
773,5
774,3
775,4
776,5
777,5
778,5
779,5
780,5
781,4
782,4
783,5
784,5
785,3
786,4
787,4
788,3
789,3
790,4
791,5
792,5
793,5
794,5
795,5
796,4
797,4
798,4
799,3
800,5
801,3
802,5
803,3
804,5
805,4
806,5
807,5
808,3
809,5
810,5
811,3
812,5
813,4
814,4
815,5
816,3
817,3
818,1
819,3
820,4
821,5
822,1
823,4
824,4
825,5
826,5
827,2
828,5
829,4
830,5
831,3
832,1
833,4
834,5
835,5
836,5
837,5
838,4
839,4
840,3
841,3
842,1
843,2
844,5
845,5
846,4
847,5
848,1
850,5
851,4
852,3
853,2
854,5
855,5
856,4
857,2
858,5
859,4
860,2
861,5
862,5
863,5
864,4
865,5
866,5
867,3
868,5
869,4
870,4
871,5
872,2
873,4
874,3
875,4
876,4
877,5
878,2
879,4
880,5
881,2
882,3
883,5
884,4
885,3
886,3
887,3
888,4
889,4
890,5
891,4
892,5
893,5
894,3
895,5
896,5
897,5
898,5
899,5
900,4
901,1
902,5
903,5
904,3
905,4
906,4
907,4
908,5
909,3
910,5
911,3
912,4
913,5
914,5
915,4
916,3
917,2
918,2
919,4
920,5
921,5
922,5
923,5
924,4
925,4
926,2
927,4
928,3
929,3
930,5
931,3
932,2
933,4
934,4
935,1
936,3
937,3
938,5
939,5
940,4
941,5
942,5
943,4
944,4
945,5
946,2
947,5
948,5
949,5
950,5
951,5
952,5
953,5
954,5
955,3
956,1
957,2
958,4
959,4
960,3
961,5
962,5
963,4
964,4
965,5
966,5
967,3
968,5
969,4
970,5
971,4
972,5
973,4
974,4
975,3
976,3
977,5
978,5
979,4
980,3
981,3
982,2
983,2
984,4
985,5
986,5
987,4
988,5
989,1
990,5
991,5
992,2
993,5
994,5
995,5
996,5
997,4
998,4
999,5
1000,5
1001,4
1002,4
1003,5
1004,4
1005,4
1006,3
1007,5
1008,4
1009,4
1010,3
1011,4
1012,4
1013,5
1014,2
1015,4
1016,3
1017,5
1018,4
1019,5
1020,1
1021,3
1022,3
1023,5
1024,4
1025,1
1026,5
1027,4
1028,4
1029,2
1030,3
1031,5
1032,5
1033,4
1034,5
1035,4
1036,1
1037,4
1038,3
1039,4
1040,5
1041,4
1042,5
1043,5
1044,4
1045,5
1046,4
1047,2
1048,4
1049,4
1050,4
1051,4
1052,3
1053,5
1054,3
1055,2
1056,3
1057,2
1058,4
1059,3
1060,4
1061,2
1062,5
1063,2
1064,5
1065,5
1066,3
1067,5
1068,5
1069,3
1070,5
1071,1
1072,4
1073,5
1074,3
1075,4
1076,3
1077,2
1078,3
1079,3
1080,4
1081,4
1082,3
1083,5
1084,1
1085,4
1086,3
1087,4
1088,2
1089,5
1090,2
1091,5
1092,4
1093,4
1094,4
1095,4
1096,2
1097,3
1098,5
1099,5
1100,5
1101,4
1102,1
1103,5
1104,5
1105,5
1106,5
1107,5
1108,4
1109,4
1110,3
1111,5
1112,4
1113,4
1114,4
1115,5
1116,1
1117,4
1118,5
1119,3
1120,5
1121,4
1122,5
1123,1
1124,4
1125,5
1126,4
1127,4
1128,5
1129,2
1130,5
1131,5
1132,1
1133,3
1134,2
1135,4
1136,3
1137,4
1138,1
1139,4
1140,5
1141,4
1142,5
1143,4
1144,3
1145,5
1146,5
1147,3
1148,5
1149,5
1150,5
1151,5
1152,4
1153,3
1154,5
1155,4
1156,5
1157,2
1158,5
1159,5
1160,5
1161,3
1162,4
1163,5
1164,1
1165,5
1166,5
1167,3
1168,2
1169,5
1170,4
1171,5
1172,2
1173,5
1174,4
1175,3
1176,3
1177,5
1178,5
1179,4
1180,5
1181,5
1182,5
1183,4
1184,5
1185,2
1186,5
1187,3
1188,3
1189,5
1190,3
1191,3
1192,5
1193,5
1194,5
1195,1
1196,4
1197,2
1198,3
1199,4
1200,5
1201,1
1202,4
1203,5
1204,4
1205,5
1206,5
1207,4
1208,1
1209,2
1210,5
1211,3
1212,4
1213,4
1214,4
1215,5
1216,5
1217,4
1218,4
1219,5
1220,1
1221,3
1222,1
1223,3
1224,1
1225,4
1226,5
1227,3
1228,5
1229,3
1230,5
1231,5
1232,5
1233,5
1234,2
1235,5
1236,3
1237,4
1238,4
1239,5
1240,5
1241,4
1242,4
1243,4
1244,4
1245,5
1246,4
1247,5
1248,1
1249,3
1250,4
1251,4
1252,4
1253,3
1254,3
1255,5
1256,2
1257,4
1258,5
1259,3
1260,5
1261,4
1262,2
1263,5
1264,5
1265,1
1266,5
1267,5
1268,4
1269,4
1270,4
1271,5
1272,3
1273,4
1274,5
1275,4
1276,5
1277,5
1278,5
1279,5
1280,5
1281,5
1282,4
1283,4
1284,4
1285,4
1286,5
1287,3
1288,5
1289,5
1290,5
1291,3
1292,4
1293,5
1294,4
1295,5
1296,4
1297,4
1298,2
1299,3
1300,4
1301,3
1302,5
1303,4
1304,3
1305,4
1306,4
1307,5
1308,4
1309,4
1310,4
1311,5
1312,5
1313,5
1314,4
1315,4
1316,2
1317,1
1318,5
1319,4
1320,5
1321,4
1322,2
1323,4
1324,5
1325,3
1326,5
1327,5
1328,4
1329,4
1330,1
1331,5
1332,5
1333,5
1334,2
1335,4
1336,2
1337,5
1338,4
1339,2
1340,5
1341,4
1342,5
1343,4
1344,2
1345,5
1346,4
1347,5
1348,5
1349,2
1350,4
1351,4
1352,4
1353,5
1354,1
1355,4
1356,1
1357,3
1358,3
1359,3
1360,4
1361,4
1362,1
1363,3
1364,1
1365,5
1366,5
1367,4
1368,1
1369,1
1370,5
1371,5
1372,4
1373,4
1374,5
1375,1
1376,5
1377,4
1378,5
1379,3
1380,1
1381,4
1382,1
1383,4
1384,5
1385,4
1386,4
1387,5
1388,3
1389,2
1390,5
1391,4
1392,3
1393,4
1394,5
1395,5
1396,3
1397,2
1398,5
1399,2
1400,1
1401,5
1402,2
1403,5
1404,5
1405,3
1406,4
1407,5
1408,3
1409,3
1410,1
1411,2
1412,1
1413,5
1414,5
1415,4
1416,3
1417,5
1418,2
1419,5
1420,1
1421,4
1422,5
1423,5
1424,4
1425,5
1426,5
1427,2
1428,4
1429,4
1430,1
1431,5
1432,5
1433,4
1434,3
1435,1
1436,4
1437,4
1438,2
1439,5
1440,4
1441,5
1442,4
1443,5
1444,5
1445,4
1446,4
1447,3
1448,1
1449,5
1450,3
1451,4
1452,5
1453,3
1454,5
1455,4
1456,5
1457,4
1458,3
1459,4
1460,2
1461,3
1462,1
1463,1
1464,3
1465,4
1466,2
1467,4
1468,5
1469,2
1470,1
1471,4
1472,2
1473,5
1474,4
1475,3
1476,4
1477,4
1478,2
1479,1
1480,5
1481,3
1482,4
1483,3
1484,2
1485,5
1486,2
1487,4
1488,5
1489,2
1490,4
1491,1
1492,5
1493,4
1494,4
1495,4
1496,4
1497,5
1498,2
1499,5
1500,5
1501,5
1502,5
1503,1
1504,1
1505,5
1506,1
1507,5
1508,2
1509,4
1510,2
1511,5
1512,1
1513,5
1514,5
1515,5
1516,5
1517,5
1518,5
1519,4
1520,4
1521,5
1522,1
1523,5
1524,4
1525,4
1526,5
1527,4
1528,5
1529,4
1530,3
1531,3
1532,4
1533,4
1534,4
1535,5
1536,2
1537,1
1538,5
1539,4
1540,5
1541,5
1542,2
1543,2
1544,5
1545,4
1546,5
1547,4
1548,5
1549,4
1550,2
1551,4
1552,5
1553,2
1554,4
1555,3
1556,4
1557,5
1558,4
1559,1
1560,5
1561,3
1562,5
1563,4
1564,5
1565,5
1566,5
1567,5
1568,5
1569,2
1570,5
1571,1
1572,5
1573,4
1574,2
1575,2
1576,4
1577,5
1578,4
1579,5
1580,4
1581,5
1582,5
1583,5
1584,4
1585,5
1586,5
1587,3
1588,1
1589,5
1590,5
1591,5
1592,3
1593,5
1594,3
1595,5
1596,3
1597,5
1598,4
1599,5
1600,5
1601,1
1602,5
1603,4
1604,5
1605,5
1606,5
1607,3
1608,5
1609,4
1610,1
1611,2
1612,1
1613,4
1614,3
1615,5
1616,3
1617,5
1618,3
1619,5
1620,5
1621,4
1622,5
1623,4
1624,4
1625,4
1626,4
1627,4
1628,3
1629,1
1630,4
1631,4
1632,4
1633,4
1634,3
1635,4
1636,4
1637,2
1638,5
1639,3
1640,5
1641,2
1642,4
1643,4
1644,5
1645,3
1646,4
1647,3
1648,5
1649,5
1650,4
1651,4
1652,4
1653,3
1654,5
1655,4
1656,4
1657,4
1658,5
1659,5
1660,4
1661,1
1662,5
1663,4
1664,5
1665,3
1666,1
1667,3
1668,4
1669,2
1670,2
1671,1
1672,2
1673,5
1674,5
1675,4
1676,4
1677,3
1678,3
1679,3
1680,4
1681,5
1682,1
1683,4
1684,4
1685,4
1686,5
1687,5
1688,5
1689,5
1690,5
1691,5
1692,5
1693,5
1694,4
1695,5
1696,3
1697,5
1698,4
1699,1
1700,4
1701,3
1702,1
1703,5
1704,5
1705,4
1706,4
1707,4
1708,4
1709,3
1710,3
1711,4
1712,2
1713,4
1714,5
1715,1
1716,5
1717,4
1718,5
1719,5
1720,4
1721,3
1722,5
1723,5
1724,5
1725,3
1726,5
1727,2
1728,5
1729,2
1730,5
1731,4
1732,4
1733,3
1734,2
1735,4
1736,5
1737,3
1738,5
1739,4
1740,4
1741,4
1742,3
1743,4
1744,1
1745,4
1746,5
1747,5
1748,4
1749,4
1750,3
1751,5
1752,5
1753,5
1754,5
1755,4
1756,5
1757,4
1758,1
1759,5
1760,4
1761,4
1762,4
1763,2
1764,5
1765,5
1766,5
1767,5
1768,4
1769,1
1770,4
1771,5
1772,5
1773,3
1774,2
1775,1
1776,5
1777,3
1778,3
1779,2
1780,3
1781,5
1782,4
1783,4
1784,5
1785,1
1786,5
1787,4
1788,3
1789,4
1790,5
1791,5
1792,5
1793,4
1794,5
1795,3
1796,5
1797,4
1798,5
1799,2
1800,4
1801,5
1802,3
1803,5
1804,5
1805,4
1806,3
1807,4
1808,5
1809,4
1810,2
1811,4
1812,4
1813,5
1814,5
1815,3
1816,4
1817,5
1818,2
1819,4
1820,4
1821,3
1822,3
1823,5
1824,4
1825,2
1826,2
1827,5
1828,5
1829,4
1830,5
1831,5
1832,4
1833,2
1834,3
1835,5
1836,1
1837,4
1838,3
1839,5
1840,5
1841,2
1842,5
1843,3
1844,3
1845,3
1846,5
1847,4
1848,1
1849,5
1850,5
1851,3
1852,5
1853,4
1854,3
1855,3
1856,3
1857,3
1858,2
1859,5
1860,5
1861,4
1862,4
1863,5
1864,1
1865,4
1866,4
1867,4
1868,2
1869,2
1870,4
1871,3
1872,2
1873,4
1874,4
1875,4
1876,4
1877,1
1878,5
1879,4
1880,3
1881,3
1882,5
1883,4
1884,4
1885,5
1886,5
1887,5
1888,5
1889,5
1890,4
1891,1
1892,5
1893,3
1894,5
1895,5
1896,5
1897,5
1898,1
1899,5
1900,5
1901,2
1902,3
1903,4
1904,2
1905,3
1906,5
1907,5
1908,4
1909,5
1910,4
1911,4
1912,5
1913,5
1914,4
1915,5
1916,2
1917,3
1918,4
1919,5
1920,5
1921,1
1922,4
1923,3
1924,3
1925,2
1926,5
1927,4
1928,2
1929,4
1930,2
1931,4
1932,4
1933,5
1934,4
1935,5
1936,5
1937,5
1938,1
1939,5
1940,5
1941,1
1942,3
1943,5
1944,5
1945,3
1946,2
1947,5
1948,5
1949,4
1950,3
1951,5
1952,5
1953,4
1954,5
1955,4
1956,3
1957,5
1958,5
1959,4
1960,5
1961,4
1962,5
1963,5
1964,3
1965,5
1966,4
1967,4
1968,4
1969,2
1970,4
1971,5
1972,4
1973,3
1974,1
1975,4
1976,4
1977,5
1978,2
1979,4
1980,4
1981,5
1982,3
1983,5
1984,3
1985,3
1986,5
1987,3
1988,5
1989,4
1990,5
1991,5
1992,4
1993,5
1994,2
1995,4
1996,3
1997,5
1998,2
1999,5
2000,4
2001,5
2002,2
2003,2
2004,1
2005,5
2006,5
2007,5
2008,2
2009,2
2010,5
2011,4
2012,4
2013,5
2014,5
2015,5
2016,5
2017,4
2018,5
2019,5
2020,5
2021,5
2022,1
2023,1
2024,1
2025,4
2026,5
2027,5
2028,5
2029,1
2030,4
2031,3
2032,4
2033,4
2034,5
2035,4
2036,2
2037,1
2038,5
2039,4
2040,4
2041,4
2042,3
2043,5
2044,4
2045,4
2046,4
2047,1
2048,5
2049,4
2050,1
2051,3
2052,2
2053,5
2054,5
2055,4
2056,4
2057,4
2058,5
2059,5
2060,3
2061,4
2062,4
2063,5
2064,4
2065,4
2066,5
2067,5
2068,5
2069,4
2070,4
2071,4
2072,4
2073,3
2074,5
2075,4
2076,5
2077,4
2078,4
2079,5
2080,5
2081,4
2082,5
2083,5
2084,4
2085,5
2086,5
2087,5
2088,5
2089,4
2090,5
2091,5
2092,5
2093,5
2094,5
2095,5
2096,1
2097,5
2098,4
2099,5
2100,4
2101,3
2102,4
2103,5
2104,4
2105,5
2106,4
2107,4
2108,2
2109,4
2110,4
2111,5
2112,4
2113,3
2114,5
2115,5
2116,4
2117,5
2118,5
2119,5
2120,5
2121,2
2122,5
2123,4
2124,4
2125,3
2126,1
2127,4
2128,5
2129,3
2130,5
2131,5
2132,5
2133,5
2134,3
2135,4
2136,4
2137,5
2138,4
2139,1
2140,4
2141,4
2142,4
2143,4
2144,5
2145,4
2146,2
2147,4
2148,4
2149,5
2150,4
2151,1
2152,4
2153,5
2154,5
2155,4
2156,1
2157,4
2158,3
2159,3
2160,2
2161,4
2162,4
2163,5
2164,2
2165,5
2166,5
2167,3
2168,3
2169,5
2170,4
2171,4
2172,5
2173,5
2174,5
2175,4
2176,2
2177,2
2178,5
2179,3
2180,5
2181,2
2182,5
2183,5
2184,2
2185,5
2186,4
2187,4
2188,4
2189,3
2190,4
2191,5
2192,1
2193,3
2194,5
2195,1
2196,5
2197,4
2198,4
2199,5
2200,1
2201,3
2202,3
2203,3
2204,4
2205,4
2206,5
2207,5
2208,5
2209,4
2210,5
2211,3
2212,4
2213,5
2214,3
2215,1
2216,5
2217,4
2218,4
2219,4
2220,3
2221,5
2222,5
2223,3
2224,1
2225,1
2226,3
2227,5
2228,4
2229,5
2230,5
2231,5
2232,3
2233,5
2234,4
2235,5
2236,5
2237,4
2238,5
2239,4
2240,5
2241,4
2242,5
2243,2
2244,2
2245,4
2246,5
2247,5
2248,5
2249,5
2250,5
2251,5
2252,4
2253,1
2254,4
2255,3
2256,5
2257,4
2258,4
2259,4
2260,5
2261,1
2262,4
2263,3
2264,4
2265,5
2266,4
2267,2
2268,4
2269,5
2270,4
2271,4
2272,1
2273,5
2274,5
2275,4
2276,5
2277,5
2278,5
2279,5
2280,4
2281,4
2282,4
2283,5
2284,5
2285,5
2286,4
2287,5
2288,5
2289,2
2290,4
2291,5
2292,1
2293,5
2294,4
2295,4
2296,1
2297,3
2298,4
2299,3
2300,2
2301,4
2302,5
2303,5
2304,5
2305,3
2306,5
2307,5
2308,3
2309,5
2310,4
2311,4
2312,4
2313,5
2314,4
2315,1
2316,4
2317,4
2318,4
2319,4
2320,4
2321,5
2322,5
2323,5
2324,5
2325,5
2326,4
2327,5
2328,2
2329,5
2330,3
2331,4
2332,2
2333,4
2334,2
2335,4
2336,5
2337,5
2338,2
2339,4
2340,5
2341,3
2342,5
2343,5
2344,4
2345,5
2346,4
2347,5
2348,3
2349,3
2350,4
2351,4
2352,5
2353,4
2354,5
2355,4
2356,3
2357,4
2358,4
2359,4
2360,5
2361,4
2362,2
2363,4
2364,5
2365,2
2366,3
2367,5
2368,5
2369,1
2370,3
2371,1
2372,3
2373,5
2374,5
2375,1
2376,1
2377,5
2378,5
2379,5
2380,3
2381,5
2382,5
2383,3
2384,5
2385,2
2386,3
2387,5
2388,4
2389,3
2390,4
2391,2
2392,5
2393,5
2394,3
2395,5
2396,5
2397,5
2398,1
2399,5
2400,3
2401,4
2402,4
2403,5
2404,4
2405,5
2406,4
2407,4
2408,5
2409,4
2410,5
2411,5
2412,3
2413,5
2414,3
2415,5
2416,1
2417,5
2418,4
2419,5
2420,5
2421,4
2422,4
2423,5
2424,1
2425,5
2426,5
2427,3
2428,4
2429,5
2430,3
2431,2
2432,5
2433,5
2434,4
2435,1
2436,3
2437,5
2438,1
2439,2
2440,5
2441,5
2442,5
2443,4
2444,4
2445,5
2446,2
2447,2
2448,5
2449,2
2450,5
2451,5
2452,3
2453,4
2454,5
2455,4
2456,4
2457,5
2458,4
2459,5
2460,5
2461,5
2462,4
2463,5
2464,4
2465,5
2466,4
2467,4
2468,5
2469,4
2470,1
2471,4
2472,3
2473,3
2474,1
2475,5
2476,2
2477,4
2478,3
2479,5
2480,4
2481,5
2482,5
2483,5
2484,3
2485,1
2486,3
2487,5
2488,4
2489,5
2490,5
2491,3
2492,5
2493,1
2494,5
2495,5
2496,5
2497,3
2498,2
2499,4
2500,5
2501,3
2502,5
2503,5
2504,5
2505,5
2506,5
2507,5
2508,4
2509,5
2510,5
2511,5
2512,5
2513,3
2514,5
2515,2
2516,1
2517,4
2518,5
2519,3
2520,2
2521,5
2522,2
2523,5
2524,5
2525,5
2526,2
2527,5
2528,5
2529,4
2530,5
2531,5
2532,5
2533,5
2534,1
2535,3
2536,4
2537,5
2538,5
2539,5
2540,4
2541,4
2542,5
2543,1
2544,2
2545,1
2546,3
2547,3
2548,5
2549,5
2550,5
2551,5
2552,1
2553,5
2554,5
2555,5
2556,5
2557,2
2558,3
2559,5
2560,1
2561,5
2562,5
2563,5
2564,5
2565,5
2566,5
2567,5
2568,1
2569,2
2570,5
2571,4
2572,4
2573,4
2574,3
2575,2
2576,5
2577,4
2578,5
2579,1
2580,5
2581,5
2582,4
2583,4
2584,4
2585,5
2586,5
2587,1
2588,5
2589,3
2590,3
2591,4
2592,4
2593,3
2594,3
2595,1
2596,5
2597,4
2598,5
2599,5
2600,5
2601,5
2602,5
2603,4
2604,5
2605,5
2606,4
2607,5
2608,1
2609,5
2610,4
2611,4
2612,4
2613,4
2614,5
2615,4
2616,5
2617,4
2618,3
2619,4
2620,4
2621,4
2622,4
2623,4
2624,4
2625,4
2626,3
2627,2
2628,4
2629,3
2630,5
2631,5
2632,4
2633,5
2634,3
2635,5
2636,5
2637,5
2638,1
2639,5
2640,5
2641,3
2642,4
2643,1
2644,5
2645,4
2646,5
2647,5
2648,2
2649,2
2650,3
2651,5
2652,4
2653,5
2654,3
2655,2
2656,4
2657,5
2658,4
2659,1
2660,2
2661,5
2662,4
2663,4
2664,5
2665,5
2666,4
2667,4
2668,5
2669,5
2670,5
2671,4
2672,4
2673,5
2674,5
2675,4
2676,5
2677,3
2678,4
2679,5
2680,5
2681,1
2682,3
2683,5
2684,4
2685,1
2686,4
2687,4
2688,4
2689,5
2690,5
2691,5
2692,4
2693,1
2694,4
2695,4
2696,5
2697,5
2698,4
2699,4
2700,2
2701,5
2702,3
2703,4
2704,4
2705,5
2706,5
2707,5
2708,1
2709,4
2710,5
2711,5
2712,4
2713,4
2714,4
2715,5
2716,3
2717,4
2718,4
2719,4
2720,4
2721,5
2722,4
2723,4
2724,5
2725,5
2726,3
2727,4
2728,1
2729,4
2730,4
2731,3
2732,5
2733,2
2734,2
2735,4
2736,4
2737,5
2738,4
2739,3
2740,5
2741,2
2742,5
2743,3
2744,4
2745,5
2746,4
2747,5
2748,5
2749,5
2750,4
2751,2
2752,3
2753,4
2754,5
2755,5
2756,4
2757,5
2758,3
2759,4
2760,4
2761,1
2762,5
2763,5
2764,4
2765,3
2766,5
2767,4
2768,4
2769,5
2770,5
2771,5
2772,5
2773,1
2774,4
2775,5
2776,5
2777,4
2778,5
2779,5
2780,4
2781,1
2782,3
2783,5
2784,4
2785,4
2786,3
2787,5
2788,5
2789,5
2790,4
2791,5
2792,3
2793,4
2794,2
2795,4
2796,5
2797,5
2798,5
2799,4
2800,1
2801,3
2802,4
2803,5
2804,4
2805,2
2806,3
2807,1
2808,4
2809,5
2810,3
2811,4
2812,4
2813,3
2814,5
2815,4
2816,3
2817,5
2818,1
2819,5
2820,4
2821,5
2822,4
2823,5
2824,2
2825,1
2826,2
2827,5
2828,2
2829,1
2830,5
2831,5
2832,5
2833,4
2834,5
2835,5
2836,3
2837,5
2838,4
2839,5
2840,5
2841,5
2842,5
2843,2
2844,3
2845,4
2846,4
2847,5
2848,3
2849,4
2850,4
2851,4
2852,3
2853,4
2854,1
2855,5
2856,4
2857,1
2858,4
2859,5
2860,4
2861,5
2862,5
2863,5
2864,3
2865,5
2866,4
2867,5
2868,1
2869,4
2870,5
2871,1
2872,5
2873,5
2874,2
2875,4
2876,5
2877,4
2878,4
2879,4
2880,5
2881,5
2882,4
2883,3
2884,1
2885,5
2886,5
2887,3
2888,5
2889,5
2890,4
2891,5
2892,3
2893,5
2894,5
2895,4
2896,5
2897,5
2898,5
2899,5
2900,4
2901,5
2902,4
2903,4
2904,2
2905,5
2906,4
2907,5
2908,3
2909,5
2910,4
2911,5
2912,3
2913,3
2914,1
2915,2
2916,5
2917,4
2918,1
2919,3
2920,5
2921,5
2922,5
2923,1
2924,1
2925,5
2926,5
2927,3
2928,4
2929,2
2930,5
2931,2
2932,4
2933,5
2934,3
2935,5
2936,5
2937,4
2938,2
2939,4
2940,4
2941,4
2942,3
2943,5
2944,1
2945,3
2946,4
2947,2
2948,1
2949,1
2950,1
2951,5
2952,3
2953,5
2954,5
2955,3
2956,4
2957,2
2958,5
2959,5
2960,1
2961,4
2962,5
2963,1
2964,5
2965,3
2966,1
2967,5
2968,4
2969,5
2970,5
2971,1
2972,5
2973,4
2974,1
2975,4
2976,5
2977,5
2978,3
2979,5
2980,5
2981,2
2982,4
2983,5
2984,5
2985,1
2986,4
2987,4
2988,5
2989,4
2990,4
2991,1
2992,3
2993,1
2994,5
2995,4
2996,2
2997,5
2998,3
2999,4
3000,4
3001,2
3002,5
3003,4
3004,5
3005,4
3006,5
3007,4
3008,4
3009,5
3010,4
3011,1
3012,4
3013,5
3014,4
3015,2
3016,5
3017,3
3018,3
3019,5
3020,1
3021,5
3022,5
3023,4
3024,5
3025,5
3026,4
3027,4
3028,5
3029,2
3030,3
3031,4
3032,2
3033,5
3034,4
3035,5
3036,5
3037,5
3038,5
3039,4
3040,3
3041,5
3042,4
3043,4
3044,5
3045,3
3046,4
3047,5
3048,5
3049,5
3050,4
3051,1
3052,4
3053,5
3054,4
3055,5
3056,5
3057,5
3058,3
3059,5
3060,4
3061,5
3062,2
3063,1
3064,5
3065,4
3066,5
3067,4
3068,4
3069,5
3070,5
3071,4
3072,5
3073,5
3074,4
3075,1
3076,5
3077,5
3078,5
3079,5
3080,1
3081,5
3082,1
3083,3
3084,4
3085,4
3086,4
3087,2
3088,5
3089,5
3090,4
3091,5
3092,4
3093,1
3094,1
3095,4
3096,5
3097,5
3098,1
3099,5
3100,4
3101,4
3102,2
3103,5
3104,5
3105,1
3106,1
3107,5
3108,5
3109,4
3110,2
3111,5
3112,2
3113,4
3114,4
3115,5
3116,5
3117,3
3118,2
3119,5
3120,3
3121,5
3122,5
3123,4
3124,1
3125,4
3126,4
3127,1
3128,3
3129,3
3130,5
3131,5
3132,5
3133,3
3134,5
3135,2
3136,5
3137,5
3138,4
3139,5
3140,5
3141,5
3142,3
3143,5
3144,5
3145,4
3146,4
3147,1
3148,1
3149,5
3150,2
3151,5
3152,4
3153,1
3154,3
3155,4
3156,3
3157,1
3158,5
3159,5
3160,4
3161,5
3162,4
3163,4
3164,5
3165,5
3166,4
3167,4
3168,2
3169,2
3170,3
3171,5
3172,5
3173,5
3174,5
3175,1
3176,5
3177,5
3178,1
3179,4
3180,5
3181,3
3182,2
3183,2
3184,4
3185,4
3186,5
3187,2
3188,4
3189,5
3190,3
3191,1
3192,5
3193,3
3194,4
3195,4
3196,5
3197,4
3198,3
3199,4
3200,3
3201,3
3202,5
3203,5
3204,2
3205,3
3206,5
3207,4
3208,2
3209,5
3210,3
3211,5
3212,1
3213,4
3214,5
3215,5
3216,5
3217,1
3218,4
3219,4
3220,5
3221,5
3222,4
3223,5
3224,2
3225,3
3226,4
3227,3
3228,2
3229,4
3230,3
3231,5
3232,3
3233,3
3234,4
3235,3
3236,4
3237,5
3238,5
3239,4
3240,5
3241,4
3242,3
3243,4
3244,5
3245,3
3246,5
3247,4
3248,5
3249,4
3250,4
3251,4
3252,5
3253,5
3254,4
3255,4
3256,5
3257,5
3258,2
3259,3
3260,5
3261,3
3262,4
3263,2
3264,5
3265,5
3266,5
3267,4
3268,4
3269,5
3270,5
3271,5
3272,5
3273,3
3274,5
3275,4
3276,1
3277,5
3278,2
3279,5
3280,4
3281,5
3282,1
3283,4
3284,5
3285,3
3286,4
3287,5
3288,5
3289,4
3290,4
3291,1
3292,4
3293,5
3294,1
3295,4
3296,5
3297,2
3298,4
3299,3
3300,3
3301,4
3302,5
3303,1
3304,1
3305,5
3306,4
3307,5
3308,1
3309,4
3310,3
3311,4
3312,5
3313,1
3314,2
3315,3
3316,2
3317,4
3318,5
3319,4
3320,2
3321,4
3322,5
3323,5
3324,5
3325,4
3326,5
3327,5
3328,5
3329,4
3330,3
3331,5
3332,4
3333,5
3334,5
3335,5
3336,5
3337,5
3338,4
3339,3
3340,4
3341,2
3342,5
3343,3
3344,4
3345,5
3346,5
3347,5
3348,4
3349,5
3350,4
3351,5
3352,4
3353,2
3354,5
3355,5
3356,5
3357,3
3358,5
3359,2
3360,5
3361,3
3362,4
3363,5
3364,5
3365,4
3366,5
3367,1
3368,3
3369,5
3370,4
3371,4
3372,2
3373,4
3374,2
3375,4
3376,5
3377,2
3378,5
3379,3
3380,4
3381,3
3382,5
3383,3
3384,5
3385,4
3386,3
3387,2
3388,4
3389,3
3390,5
3391,3
3392,5
3393,5
3394,4
3395,5
3396,4
3397,4
3398,5
3399,5
3400,5
3401,5
3402,5
3403,5
3404,4
3405,4
3406,5
3407,5
3408,2
3409,2
3410,5
3411,5
3412,2
3413,5
3414,1
3415,3
3416,5
3417,4
3418,5
3419,5
3420,4
3421,5
3422,5
3423,2
3424,5
3425,3
3426,5
3427,1
3428,5
3429,5
3430,4
3431,5
3432,4
3433,1
3434,4
3435,2
3436,3
3437,2
3438,4
3439,4
3440,4
3441,4
3442,5
3443,4
3444,5
3445,2
3446,5
3447,5
3448,4
3449,5
3450,4
3451,5
3452,5
3453,4
3454,4
3455,5
3456,4
3457,4
3458,4
3459,3
3460,4
3461,4
3462,5
3463,3
3464,4
3465,4
3466,5
3467,1
3468,5
3469,1
3470,5
3471,5
3472,5
3473,5
3474,5
3475,4
3476,2
3477,4
3478,4
3479,4
3480,5
3481,5
3482,4
3483,5
3484,3
3485,5
3486,4
3487,5
3488,5
3489,4
3490,4
3491,5
3492,3
3493,4
3494,4
3495,4
3496,5
3497,4
3498,5
3499,5
3500,4
3501,5
3502,5
3503,2
3504,2
3505,1
3506,5
3507,5
3508,1
3509,4
3510,5
3511,5
3512,5
3513,5
3514,1
3515,2
3516,5
3517,4
3518,3
3519,4
3520,5
3521,2
3522,4
3523,4
3524,5
3525,4
3526,4
3527,3
3528,1
3529,4
3530,5
3531,5
3532,4
3533,4
3534,4
3535,5
3536,5
3537,5
3538,5
3539,5
3540,4
3541,2
3542,5
3543,4
3544,3
3545,5
3546,5
3547,4
3548,5
3549,5
3550,1
3551,5
3552,4
3553,2
3554,2
3555,3
3556,2
3557,3
3558,5
3559,3
3560,4
3561,4
3562,5
3563,1
3564,4
3565,5
3566,1
3567,5
3568,5
3569,1
3570,5
3571,3
3572,5
3573,3
3574,4
3575,5
3576,4
3577,5
3578,5
3579,2
3580,5
3581,4
3582,5
3583,5
3584,4
3585,4
3586,3
3587,3
3588,5
3589,5
3590,1
3591,5
3592,5
3593,4
3594,1
3595,4
3596,4
3597,5
3598,4
3599,5
3600,3
3601,5
3602,5
3603,2
3604,5
3605,1
3606,5
3607,5
3608,4
3609,3
3610,4
3611,4
3612,4
3613,3
3614,5
3615,4
3616,3
3617,2
3618,5
3619,5
3620,3
3621,5
3622,1
3623,5
3624,4
3625,4
3626,1
3627,5
3628,5
3629,2
3630,3
3631,2
3632,4
3633,5
3634,4
3635,4
3636,4
3637,3
3638,4
3639,2
3640,4
3641,5
3642,5
3643,4
3644,3
3645,2
3646,4
3647,3
3648,2
3649,4
3650,4
3651,3
3652,4
3653,4
3654,4
3655,5
3656,3
3657,4
3658,5
3659,5
3660,5
3661,4
3662,5
3663,5
3664,4
3665,3
3666,5
3667,3
3668,4
3669,5
3670,4
3671,5
3672,2
3673,5
3674,5
3675,3
3676,5
3677,5
3678,4
3679,5
3680,4
3681,4
3682,5
3683,3
3684,4
3685,5
3686,5
3687,5
3688,2
3689,5
3690,5
3691,5
3692,4
3693,1
3694,4
3695,5
3696,4
3697,5
3698,4
3699,5
3700,1
3701,3
3702,4
3703,4
3704,4
3705,5
3706,5
3707,5
3708,3
3709,4
3710,5
3711,5
3712,4
3713,5
3714,5
3715,4
3716,5
3717,4
3718,3
3719,4
3720,5
3721,2
3722,4
3723,5
3724,3
3725,3
3726,3
3727,1
3728,4
3729,5
3730,3
3731,5
3732,4
3733,5
3734,5
3735,1
3736,5
3737,5
3738,5
3739,5
3740,5
3741,5
3742,4
3743,4
3744,4
3745,4
3746,5
3747,4
3748,2
3749,5
3750,5
3751,2
3752,4
3753,5
3754,5
3755,5
3756,5
3757,3
3758,4
3759,4
3760,5
3761,5
3762,5
3763,4
3764,2
3765,3
3766,4
3767,2
3768,2
3769,2
3770,5
3771,5
3772,5
3773,5
3774,2
3775,1
3776,5
3777,5
3778,5
3779,5
3780,4
3781,4
3782,4
3783,5
3784,5
3785,5
3786,5
3787,4
3788,5
3789,5
3790,5
3791,5
3792,4
3793,2
3794,4
3795,4
3796,5
3797,2
3798,3
3799,4
3800,5
3801,4
3802,2
3803,1
3804,4
3805,5
3806,4
3807,5
3808,5
3809,5
3810,2
3811,4
3812,5
3813,5
3814,3
3815,5
3816,4
3817,2
3818,5
3819,4
3820,4
3821,2
3822,3
3823,3
3824,5
3825,5
3826,4
3827,1
3828,4
3829,5
3830,5
3831,5
3832,5
3833,5
3834,5
3835,5
3836,5
3837,1
3838,4
3839,5
3840,5
3841,4
3842,5
3843,5
3844,5
3845,4
3846,1
3847,1
3848,5
3849,4
3850,4
3851,5
3852,5
3853,3
3854,5
3855,3
3856,2
3857,1
3858,4
3859,1
3860,5
3861,3
3862,5
3863,3
3864,4
3865,1
3866,4
3867,4
3868,5
3869,5
3870,5
3871,4
3872,4
3873,4
3874,5
3875,5
3876,5
3877,5
3878,4
3879,2
3880,5
3881,4
3882,4
3883,5
3884,4
3885,4
3886,3
3887,1
3888,3
3889,5
3890,3
3891,5
3892,5
3893,5
3894,5
3895,3
3896,2
3897,5
3898,4
3899,5
3900,3
3901,5
3902,5
3903,1
3904,5
3905,3
3906,4
3907,3
3908,2
3909,5
3910,3
3911,4
3912,2
3913,4
3914,5
3915,5
3916,5
3917,5
3918,5
3919,3
3920,4
3921,5
3922,5
3923,5
3924,3
3925,4
3926,2
3927,3
3928,5
3929,4
3930,4
3931,3
3932,5
3933,4
3934,5
3935,2
3936,1
3937,5
3938,5
3939,4
3940,3
3941,4
3942,5
3943,5
3944,2
3945,5
3946,2
3947,3
3948,2
3949,5
3950,1
3951,3
3952,4
3953,4
3954,5
3955,3
3956,5
3957,5
3958,5
3959,3
3960,1
3961,5
3962,5
3963,4
3964,1
3965,4
3966,5
3967,5
3968,4
3969,4
3970,4
3971,4
3972,5
3973,3
3974,4
3975,4
3976,5
3977,4
3978,5
3979,5
3980,4
3981,4
3982,5
3983,5
3984,4
3985,5
3986,3
3987,5
3988,5
3989,4
3990,2
3991,4
3992,5
3993,4
3994,4
3995,5
3996,5
3997,3
3998,5
3999,4
4000,5
4001,2
4002,4
4003,5
4004,4
4005,5
4006,4
4007,4
4008,5
4009,5
4010,5
4011,4
4012,1
4013,4
4014,5
4015,4
4016,5
4017,4
4018,5
4019,5
4020,4
4021,5
4022,4
4023,5
4024,4
4025,5
4026,5
4027,5
4028,2
4029,5
4030,3
4031,4
4032,1
4033,2
4034,4
4035,3
4036,4
4037,4
4038,5
4039,5
4040,3
4041,4
4042,4
4043,5
4044,5
4045,3
4046,5
4047,4
4048,5
4049,3
4050,5
4051,5
4052,4
4053,5
4054,4
4055,5
4056,5
4057,5
4058,3
4059,4
4060,4
4061,4
4062,3
4063,5
4064,4
4065,5
4066,2
4067,5
4068,5
4069,4
4070,2
4071,4
4072,5
4073,3
4074,5
4075,5
4076,2
4077,5
4078,5
4079,4
4080,5
4081,5
4082,4
4083,4
4084,1
4085,2
4086,5
4087,4
4088,3
4089,5
4090,5
4091,4
4092,3
4093,1
4094,5
4095,2
4096,2
4097,5
4098,2
4099,5
4100,4
4101,4
4102,5
4103,4
4104,5
4105,3
4106,5
4107,5
4108,5
4109,5
4110,4
4111,3
4112,5
4113,1
4114,5
4115,5
4116,5
4117,5
4118,1
4119,3
4120,2
4121,5
4122,5
4123,2
4124,5
4125,5
4126,3
4127,4
4128,1
4129,5
4130,4
4131,2
4132,4
4133,5
4134,4
4135,4
4136,4
4137,4
4138,4
4139,4
4140,1
4141,4
4142,3
4143,5
4144,1
4145,4
4146,4
4147,4
4148,5
4149,1
4150,5
4151,1
4152,5
4153,5
4154,5
4155,5
4156,3
4157,4
4158,5
4159,1
4160,5
4161,3
4162,3
4163,4
4164,4
4165,5
4166,5
4167,2
4168,1
4169,1
4170,4
4171,4
4172,3
4173,3
4174,1
4175,5
4176,4
4177,1
4178,1
4179,5
4180,4
4181,5
4182,4
4183,5
4184,1
4185,4
4186,5
4187,4
4188,5
4189,4
4190,2
4191,5
4192,5
4193,4
4194,5
4195,5
4196,5
4197,2
4198,2
4199,5
4200,4
4201,5
4202,1
4203,5
4204,5
4205,1
4206,2
4207,4
4208,4
4209,5
4210,4
4211,4
4212,5
4213,5
4214,2
4215,3
4216,5
4217,3
4218,5
4219,4
4220,2
4221,4
4222,5
4223,4
4224,1
4225,3
4226,4
4227,5
4228,5
4229,4
4230,5
4231,5
4232,4
4233,1
4234,4
4235,5
4236,5
4237,5
4238,4
4239,4
4240,5
4241,5
4242,4
4243,2
4244,2
4245,5
4246,1
4247,5
4248,5
4249,4
4250,3
4251,1
4252,5
4253,3
4254,3
4255,3
4256,1
4257,5
4258,2
4259,4
4261,4
4262,3
4263,1
4264,4
4265,5
4266,5
4267,5
4268,4
4269,5
4270,3
4271,4
4272,5
4273,5
4274,1
4275,2
4276,5
4277,3
4278,1
4279,4
4280,5
4281,5
4282,5
4283,4
4284,5
4285,4
4286,3
4287,4
4288,4
4289,5
4290,3
4291,2
4292,4
4293,5
4294,3
4295,4
4296,5
4297,4
4298,2
4299,3
4300,4
4301,5
4302,4
4303,4
4304,5
4305,4
4306,4
4307,1
4308,4
4309,5
4310,3
4311,4
4312,1
4313,5
4314,2
4315,4
4316,5
4317,1
4318,5
4319,5
4320,5
4321,5
4322,5
4323,4
4324,5
4325,3
4326,3
4327,5
4328,4
4329,5
4330,4
4331,5
4332,5
4333,4
4334,4
4335,4
4336,5
4337,4
4338,5
4339,4
4340,4
4341,4
4342,3
4343,4
4344,4
4345,5
4346,5
4347,4
4348,5
4349,1
4350,4
4351,3
4352,5
4353,4
4354,3
4355,4
4356,3
4357,5
4358,5
4359,2
4360,5
4361,5
4362,1
4363,5
4364,3
4365,3
4366,1
4367,3
4368,4
4369,3
4370,1
4371,3
4372,5
4373,4
4374,5
4375,5
4376,5
4377,5
4378,3
4379,4
4380,5
4381,5
4382,5
4383,4
4384,3
4385,5
4386,3
4387,2
4388,5
4389,1
4390,1
4391,1
4392,3
4393,1
4394,1
4395,3
4396,5
4397,4
4398,4
4399,4
4400,5
4401,4
4402,5
4403,5
4404,4
4405,2
4406,4
4407,2
4408,1
4409,1
4410,4
4411,2
4412,4
4413,4
4414,4
4415,5
4416,5
4417,5
4418,3
4419,4
4420,3
4421,5
4422,5
4423,3
4424,5
4425,5
4426,5
4427,4
4428,4
4429,4
4430,4
4431,5
4432,4
4433,4
4434,1
4435,1
4436,4
4437,4
4438,2
4439,3
4440,4
4441,5
4442,2
4443,4
4444,3
4445,4
4446,5
4447,5
4448,1
4449,5
4450,3
4451,4
4452,1
4453,4
4454,4
4455,5
4456,3
4457,3
4458,5
4459,5
4460,4
4461,4
4462,3
4463,5
4464,1
4465,3
4466,5
4467,5
4468,5
4469,4
4470,4
4471,3
4472,5
4473,5
4474,4
4475,4
4476,5
4477,5
4478,4
4479,5
4480,4
4481,4
4482,5
4483,4
4484,5
4485,4
4486,4
4487,2
4488,4
4489,4
4490,5
4491,3
4492,3
4493,3
4494,3
4495,4
4496,2
4497,5
4498,5
4499,5
4500,5
4501,5
4502,4
4503,4
4504,4
4505,4
4506,5
4507,5
4508,2
4509,5
4510,1
4511,4
4512,1
4513,3
4514,5
4515,2
4516,5
4517,4
4518,2
4519,4
4520,4
4521,5
4522,5
4523,5
4524,3
4525,5
4526,5
4527,1
4528,5
4529,2
4530,5
4531,3
4532,3
4533,4
4534,5
4535,2
4536,5
4537,5
4538,5
4539,4
4540,5
4541,5
4542,5
4543,5
4544,4
4545,4
4546,5
4547,4
4548,1
4549,2
4550,5
4551,2
4552,3
4553,1
4554,2
4555,2
4556,5
4557,4
4558,3
4559,4
4560,4
4561,5
4562,5
4563,4
4564,2
4565,5
4566,5
4567,4
4568,5
4569,1
4570,5
4571,4
4572,4
4573,5
4574,5
4575,5
4576,2
4577,3
4578,3
4579,2
4580,4
4581,4
4582,4
4583,4
4584,5
4585,4
4586,5
4587,5
4588,5
4589,5
4590,5
4591,4
4592,5
4593,3
4594,3
4595,5
4596,2
4597,5
4598,4
4599,5
4600,5
4601,4
4602,4
4603,2
4604,4
4605,4
4606,3
4607,3
4608,1
4609,4
4610,3
4611,4
4612,4
4613,2
4614,4
4615,3
4616,3
4617,3
4618,4
4619,4
4620,5
4621,5
4622,5
4623,4
4624,5
4625,5
4626,5
4627,5
4628,4
4629,4
4630,4
4631,2
4632,3
4633,5
4634,4
4635,5
4636,4
4637,2
4638,5
4639,5
4640,4
4641,3
4642,5
4643,4
4644,5
4645,4
4646,4
4647,1
4648,5
4649,4
4650,5
4651,3
4652,3
4653,2
4654,5
4655,5
4656,5
4657,4
4658,3
4659,1
4660,5
4661,1
4662,3
4663,2
4664,2
4665,5
4666,5
4667,4
4668,2
4669,5
4670,3
4671,2
4672,4
4673,1
4674,5
4675,3
4676,3
4677,5
4678,4
4679,5
4680,3
4681,2
4682,4
4683,4
4684,1
4685,4
4686,5
4687,5
4688,4
4689,5
4690,4
4691,1
4692,5
4693,3
4694,5
4695,4
4696,4
4697,5
4698,1
4699,4
4700,3
4701,4
4702,5
4703,5
4704,2
4705,3
4706,2
4707,3
4708,4
4709,5
4710,5
4711,5
4712,5
4713,5
4714,3
4715,1
4716,4
4717,4
4718,2
4719,5
4720,3
4721,3
4722,2
4723,4
4724,5
4725,3
4726,5
4727,4
4728,4
4729,4
4730,5
4731,1
4732,3
4733,5
4734,5
4735,5
4736,4
4737,5
4738,5
4739,4
4740,5
4741,5
4742,5
4743,1
4744,4
4745,3
4746,5
4747,4
4748,3
4749,5
4750,4
4751,4
4752,5
4753,5
4754,2
4755,4
4756,5
4757,2
4758,5
4759,4
4760,4
4761,5
4762,5
4763,3
4764,5
4765,5
4766,5
4767,5
4768,5
4769,5
4770,4
4771,2
4772,4
4773,4
4774,5
4775,5
4776,2
4777,3
4778,4
4779,5
4780,2
4781,3
4782,3
4783,5
4784,2
4785,5
4786,5
4787,4
4788,5
4789,2
4790,5
4791,4
4792,5
4793,2
4794,5
4795,5
4796,5
4797,5
4798,1
4799,5
4800,5
4801,2
4802,5
4803,4
4804,2
4805,4
4806,4
4807,5
4808,2
4809,5
4810,5
4811,3
4812,3
4813,5
4814,5
4815,5
4816,5
4817,4
4818,5
4819,5
4820,5
4821,3
4822,1
4823,5
4824,4
4825,2
4826,2
4827,4
4828,5
4829,3
4830,4
4831,5
4832,4
4833,1
4834,2
4835,5
4836,4
4837,5
4838,3
4839,1
4840,1
4841,4
4842,3
4843,1
4844,3
4845,5
4846,1
4847,5
4848,2
4849,4
4850,1
4851,5
4852,4
4853,5
4854,4
4855,5
4856,2
4857,5
4858,5
4859,3
4860,5
4861,2
4862,5
4863,3
4864,5
4865,5
4866,2
4867,5
4868,4
4869,3
4870,3
4871,5
4872,3
4873,4
4874,5
4875,4
4876,4
4877,4
4878,2
4879,1
4880,4
4881,4
4882,5
4883,5
4884,5
4885,4
4886,4
4887,4
4888,4
4889,5
4890,4
4891,5
4892,3
4893,2
4894,4
4895,5
4896,5
4897,5
4898,5
4899,2
4900,2
4901,5
4902,4
4903,4
4904,4
4905,1
4906,5
4907,5
4908,4
4909,5
4910,2
4911,4
4912,3
4913,5
4914,3
4915,5
4916,1
4917,5
4918,3
4919,4
4920,1
4921,5
4922,5
4923,2
4924,2
4925,5
4926,5
4927,4
4928,5
4929,5
4930,5
4931,5
4932,4
4933,2
4934,5
4935,5
4936,3
4937,3
4938,5
4939,4
4940,5
4941,4
4942,3
4943,5
4944,4
4945,5
4946,5
4947,5
4948,2
4949,3
4950,5
4951,5
4952,4
4953,5
4954,5
4955,5
4956,5
4957,5
4958,3
4959,3
4960,1
4961,2
4962,3
4963,5
4964,5
4965,4
4966,5
4967,2
4968,4
4969,3
4970,5
4971,5
4972,2
4973,5
4974,4
4975,5
4976,5
4977,2
4978,5
4979,3
4980,4
4981,5
4982,5
4983,4
4984,5
4985,4
4986,5
4987,1
4988,5
4989,5
4990,5
4991,2
4992,1
4993,5
4994,3
4995,5
4996,4
4997,4
4998,5
4999,5
5000,3
5001,5
5002,5
5003,4
5004,5
5005,5
5006,1
5007,3
5008,5
5009,5
5010,4
5011,4
5012,5
5013,4
5014,2
5015,3
5016,4
5017,4
5019,1
5020,5
5021,1
5022,5
5023,5
5024,4
5025,2
5026,1
5027,5
5028,2
5029,3
5030,5
5031,5
5032,5
5033,3
5034,2
5035,3
5036,5
5037,3
5038,5
5039,3
5040,4
5041,4
5042,5
5043,3
5044,5
5045,5
5046,5
5047,1
5048,5
5049,4
5050,5
5051,5
5052,4
5053,4
5054,5
5055,5
5056,4
5057,4
5058,3
5059,2
5060,4
5061,5
5062,5
5063,1
5064,4
5065,3
5066,5
5067,4
5068,2
5069,4
5070,5
5071,5
5072,3
5073,4
5074,3
5075,4
5076,5
5077,4
5078,5
5079,5
5080,4
5081,3
5082,3
5083,3
5084,4
5085,4
5086,2
5087,4
5088,4
5089,5
5090,5
5091,5
5092,3
5093,2
5094,5
5095,4
5096,5
5097,3
5098,4
5099,4
5100,2
5101,1
5102,4
5103,5
5104,5
5105,2
5106,2
5107,2
5108,4
5109,4
5110,5
5111,4
5112,5
5113,1
5114,5
5115,4
5116,5
5117,5
5118,4
5119,1
5120,4
5121,4
5122,5
5123,4
5124,5
5125,4
5126,4
5127,1
5128,5
5129,5
5130,4
5131,4
5132,3
5133,5
5134,4
5135,3
5136,3
5137,5
5138,1
5139,3
5140,5
5141,5
5142,5
5143,5
5144,2
5145,1
5146,5
5147,5
5148,2
5149,5
5150,5
5151,2
5152,5
5153,5
5154,5
5155,4
5156,5
5157,4
5158,2
5159,5
5160,4
5161,5
5162,2
5163,4
5164,3
5165,5
5166,4
5167,3
5168,4
5169,5
5170,5
5171,4
5172,5
5173,5
5174,2
5175,4
5176,5
5177,5
5178,4
5179,5
5180,2
5181,4
5182,4
5183,3
5184,5
5185,2
5186,1
5187,3
5188,3
5189,5
5190,3
5191,2
5192,4
5193,5
5194,5
5195,5
5196,1
5197,4
5198,5
5199,4
5200,5
5201,5
5202,4
5203,5
5204,5
5205,1
5206,5
5207,5
5208,5
5209,5
5210,5
5211,4
5212,1
5213,5
5214,5
5215,2
5216,2
5217,2
5218,2
5219,3
5220,5
5221,4
5222,5
5223,5
5224,4
5225,5
5226,4
5227,5
5228,4
5229,5
5230,3
5231,1
5232,5
5233,4
5234,4
5235,4
5236,5
5237,4
5238,4
5239,2
5240,5
5241,5
5242,5
5243,3
5244,5
5245,2
5246,4
5247,4
5248,4
5249,3
5250,5
5251,2
5252,5
5253,5
5254,4
5255,2
5256,2
5257,5
5258,5
5259,4
5260,5
5261,3
5262,4
5263,5
5264,4
5265,5
5266,4
5267,3
5268,3
5269,3
5270,4
5271,3
5272,4
5273,5
5274,5
5275,4
5276,4
5277,4
5278,5
5279,1
5280,4
5281,5
5282,3
5283,5
5284,5
5285,4
5286,5
5287,5
5288,5
5289,4
5290,5
5291,5
5292,5
5293,2
5294,4
5295,5
5296,2
5297,3
5298,5
5299,5
5300,1
5301,1
5302,4
5303,2
5304,5
5305,2
5306,2
5307,5
5308,4
5309,4
5310,4
5311,4
5312,1
5313,5
5314,2
5315,4
5316,3
5317,5
5318,5
5319,5
5320,3
5321,5
5322,1
5323,5
5324,2
5325,5
5326,5
5327,1
5328,4
5329,2
5330,4
5331,3
5332,5
5333,3
5334,5
5335,5
5336,4
5337,4
5338,4
5339,5
5340,4
5341,5
5342,4
5343,4
5344,5
5345,1
5346,2
5347,4
5348,4
5349,5
5350,3
5351,4
5352,5
5353,1
5354,5
5355,1
5356,5
5357,4
5358,2
5359,3
5360,5
5361,4
5362,5
5363,3
5364,2
5365,5
5366,1
5367,5
5368,4
5369,3
5370,4
5371,3
5372,4
5373,5
5374,5
5375,5
5376,4
5377,4
5378,5
5379,3
5380,3
5381,3
5382,3
5383,5
5384,4
5385,5
5386,4
5387,5
5388,4
5389,5
5390,5
5391,4
5392,4
5393,4
5394,4
5395,5
5396,1
5397,5
5398,5
5399,5
5400,5
5401,1
5402,5
5403,2
5404,5
5405,5
5406,4
5407,3
5408,4
5409,4
5410,5
5411,4
5412,1
5413,3
5414,4
5415,5
5416,4
5417,3
5418,3
5419,2
5420,5
5421,4
5422,5
5423,5
5424,5
5425,5
5426,4
5427,4
5428,4
5429,4
5430,5
5431,3
5432,5
5433,3
5435,4
5436,4
5437,4
5438,4
5439,3
5440,5
5441,5
5442,2
5443,3
5444,5
5445,4
5446,4
5447,4
5448,5
5449,3
5450,5
5451,2
5452,2
5453,1
5454,5
5455,3
5456,2
5457,1
5458,2
5459,5
5460,4
5461,5
5462,1
5463,2
5464,2
5465,4
5466,5
5467,4
5468,5
5469,4
5470,5
5471,1
5472,5
5473,5
5474,5
5475,5
5476,5
5477,3
5478,5
5479,4
5480,4
5481,4
5482,4
5483,4
5484,4
5485,3
5486,3
5487,2
5488,4
5489,5
5490,3
5491,4
5492,5
5493,5
5494,4
5495,3
5496,4
5497,4
5498,3
5499,1
5500,4
5501,4
5502,4
5503,5
5504,4
5505,3
5506,5
5507,5
5508,5
5509,4
5510,2
5511,5
5512,5
5513,3
5514,3
5515,4
5516,3
5517,5
5518,5
5519,4
5520,3
5521,4
5522,2
5523,2
5524,4
5525,5
5526,5
5527,3
5528,4
5529,3
5530,5
5531,5
5532,4
5533,5
5534,4
5535,5
5536,4
5537,4
5538,4
5539,2
5540,5
5541,3
5542,4
5543,5
5544,5
5545,4
5546,5
5547,4
5548,1
5549,4
5550,4
5551,4
5552,5
5553,5
5554,4
5555,4
5556,4
5557,5
5558,5
5559,5
5560,5
5561,5
5562,5
5563,5
5564,5
5565,3
5566,5
5567,1
5568,5
5569,5
5570,5
5571,5
5572,5
5573,2
5574,5
5575,4
5576,4
5577,2
5578,2
5579,5
5580,2
5581,4
5582,4
5583,2
5584,5
5585,5
5586,4
5587,4
5588,4
5589,3
5590,3
5591,4
5592,5
5593,2
5594,4
5595,3
5596,4
5597,5
5598,4
5599,5
5600,4
5601,4
5602,1
5603,5
5604,3
5605,5
5606,5
5607,5
5608,4
5609,2
5610,3
5611,4
5612,5
5613,3
5614,3
5615,5
5616,3
5617,4
5618,4
5619,1
5620,3
5621,4
5622,5
5623,5
5624,3
5625,5
5626,3
5627,4
5628,5
5629,4
5630,4
5631,5
5632,2
5633,5
5634,3
5635,3
5636,5
5637,5
5638,1
5639,5
5640,5
5641,4
5642,5
5643,4
5644,4
5645,4
5646,5
5647,3
5648,4
5649,2
5650,5
5651,3
5652,4
5653,3
5654,5
5655,5
5656,2
5657,4
5658,4
5659,5
5660,5
5661,5
5662,5
5663,1
5664,3
5665,5
5666,1
5667,5
5668,4
5669,3
5670,3
5671,4
5672,4
5673,1
5674,5
5675,2
5676,2
5677,3
5678,4
5679,2
5680,5
5681,4
5682,5
5683,3
5684,5
5685,3
5686,4
5687,5
5688,2
5689,5
5690,4
5691,5
5692,5
5693,2
5694,4
5695,4
5696,2
5697,4
5698,4
5699,4
5700,5
5701,5
5702,1
5703,4
5704,3
5705,4
5706,2
5707,5
5708,3
5709,4
5710,3
5711,2
5712,4
5713,5
5714,5
5715,4
5716,2
5717,3
5718,5
5719,3
5720,3
5721,2
5722,3
5723,4
5724,5
5725,5
5726,5
5727,5
5728,1
5729,5
5730,2
5731,4
5732,5
5733,3
5734,5
5735,3
5736,5
5737,5
5738,1
5739,5
5740,2
5741,1
5742,1
5743,4
5744,5
5745,1
5746,4
5747,5
5748,5
5749,4
5750,1
5751,5
5752,5
5753,5
5754,3
5755,4
5756,4
5757,3
5758,3
5759,5
5760,3
5761,5
5762,2
5763,4
5764,2
5765,4
5766,5
5767,4
5768,2
5769,5
5770,3
5771,4
5772,5
5773,4
5774,2
5775,4
5776,5
5777,4
5778,5
5779,3
5780,5
5781,5
5782,5
5783,2
5784,4
5785,2
5786,4
5787,2
5788,5
5789,2
5790,5
5791,4
5792,1
5793,2
5794,3
5795,4
5796,1
5797,4
5798,5
5799,2
5800,5
5801,3
5802,5
5803,4
5804,4
5805,4
5806,5
5807,5
5808,1
5809,4
5810,4
5811,2
5812,5
5813,2
5814,4
5815,5
5816,2
5817,5
5818,3
5819,5
5820,3
5821,3
5822,2
5823,4
5824,3
5825,5
5826,3
5827,4
5828,3
5829,1
5830,4
5831,4
5832,2
5833,4
5834,1
5835,4
5836,1
5837,4
5838,5
5839,5
5840,5
5841,5
5842,4
5843,4
5844,5
5845,5
5846,4
5847,2
5848,5
5849,2
5850,5
5851,4
5852,4
5853,5
5854,4
5855,3
5856,5
5857,5
5858,5
5859,4
5860,5
5861,5
5862,5
5863,1
5864,3
5865,5
5866,5
5867,5
5868,3
5869,3
5870,4
5871,4
5872,4
5873,3
5874,5
5875,3
5876,5
5877,4
5878,4
5879,5
5880,5
5881,4
5882,1
5883,4
5884,5
5885,5
5886,5
5887,4
5888,4
5889,4
5890,4
5891,5
5892,5
5893,4
5894,4
5895,5
5896,5
5897,5
5898,4
5899,5
5900,4
5901,1
5902,4
5903,5
5904,4
5905,4
5906,5
5907,5
5908,5
5909,4
5910,4
5911,4
5912,2
5913,5
5914,5
5915,1
5916,3
5917,5
5918,3
5919,1
5920,1
5921,4
5922,4
5923,5
5924,4
5925,1
5926,4
5927,3
5928,3
5929,5
5930,4
5931,5
5932,5
5933,1
5934,5
5935,5
5936,1
5937,3
5938,4
5939,4
5940,3
5941,4
5942,5
5943,2
5944,5
5945,3
5946,4
5947,4
5948,4
5949,5
5950,5
5951,5
5952,5
5953,5
5954,4
5955,4
5956,4
5957,3
5958,4
5959,4
5960,4
5961,2
5962,5
5963,2
5964,5
5965,5
5966,3
5967,5
5968,5
5969,1
5970,5
5971,5
5972,3
5973,5
5974,5
5975,3
5976,4
5977,4
5978,4
5979,3
5980,4
5981,3
5982,4
5983,4
5984,4
5985,4
5986,3
5987,5
5988,1
5989,3
5990,5
5991,4
5992,4
5993,5
5994,5
5995,4
5996,2
5997,5
5998,4
5999,5
6000,5
6001,4
6002,5
6003,4
6004,5
6005,2
6006,4
6007,4
6008,4
6009,5
6010,4
6011,2
6012,5
6013,3
6014,4
6015,2
6016,5
6017,5
6018,5
6019,2
6020,4
6021,5
6022,5
6023,5
6024,1
6025,5
6026,4
6027,1
6028,4
6029,1
6030,5
6031,3
6032,4
6033,5
6034,5
6035,5
6036,1
6037,5
6038,4
6039,5
6040,5
6041,5
6042,5
6043,5
6044,3
6045,3
6046,5
6047,1
6048,4
6049,3
6050,5
6051,4
6052,4
6053,5
6054,5
6055,4
6056,4
6057,5
6058,5
6059,4
6060,5
6061,5
6062,5
6063,5
6064,5
6065,1
6066,4
6067,1
6068,3
6069,5
6070,1
6071,5
6072,5
6073,5
6074,5
6075,5
6076,4
6077,2
6078,4
6079,5
6080,4
6081,1
6082,5
6083,5
6084,5
6085,5
6086,5
6087,3
6088,1
6089,5
6090,2
6091,5
6092,5
6093,5
6094,1
6095,3
6096,5
6097,4
6098,5
6099,5
6100,5
6101,3
6102,4
6103,4
6104,5
6105,4
6106,2
6107,2
6108,5
6109,5
6110,4
6111,5
6112,4
6113,5
6114,5
6115,5
6116,5
6117,5
6118,5
6119,1
6120,5
6121,3
6122,2
6123,4
6124,5
6125,4
6126,4
6127,5
6128,4
6129,5
6130,5
6131,2
6132,5
6133,4
6134,5
6135,2
6136,4
6137,5
6138,4
6139,5
6140,4
6141,4
6142,4
6143,3
6144,4
6145,5
6146,2
6147,4
6148,4
6149,5
6150,4
6151,4
6152,4
6153,4
6154,5
6155,5
6156,4
6157,4
6158,4
6159,5
6160,1
6161,4
6162,1
6163,4
6164,5
6165,4
6166,4
6167,3
6168,3
6169,4
6170,2
6171,5
6172,4
6173,5
6174,4
6175,4
6176,5
6177,5
6178,5
6179,4
6180,5
6181,4
6182,4
6183,5
6184,5
6185,5
6186,2
6187,5
6188,5
6189,5
6190,5
6191,3
6192,5
6193,3
6194,4
6195,5
6196,4
6197,4
6198,5
6200,3
6201,1
6202,5
6203,3
6204,4
6205,5
6206,5
6207,3
6208,5
6209,5
6210,3
6211,5
6212,5
6213,4
6214,2
6215,5
6216,5
6217,5
6218,2
6219,5
6220,2
6221,4
6222,5
6223,2
6224,4
6225,1
6226,5
6227,5
6228,2
6229,5
6230,1
6231,5
6232,5
6233,5
6234,5
6235,5
6236,5
6237,4
6238,4
6239,1
6240,5
6241,1
6242,4
6243,4
6244,5
6245,3
6246,4
6247,2
6248,5
6249,3
6250,5
6251,5
6252,4
6253,5
6254,5
6255,5
6256,3
6257,5
6258,4
6259,3
6260,4
6261,4
6262,1
6263,5
6264,2
6265,4
6266,5
6267,5
6268,2
6269,5
6270,5
6271,3
6272,5
6273,4
6274,3
6275,3
6276,4
6277,3
6278,5
6279,3
6280,4
6281,5
6282,4
6283,3
6284,1
6285,5
6286,5
6287,5
6288,4
6289,4
6290,4
6291,5
6292,5
6293,5
6294,4
6295,4
6296,4
6297,4
6298,2
6299,5
6300,5
6301,5
6302,5
6303,5
6304,5
6305,5
6306,4
6307,5
6308,5
6309,4
6310,3
6311,5
6312,4
6313,3
6314,5
6315,5
6316,5
6317,3
6318,1
6319,5
6320,5
6321,5
6322,4
6323,5
6324,5
6325,5
6326,3
6327,4
6328,5
6329,4
6330,4
6331,5
6332,5
6333,1
6334,5
6335,2
6336,4
6337,2
6338,5
6339,5
6340,5
6341,4
6342,5
6343,1
6344,5
6345,3
6346,5
6347,5
6348,5
6349,4
6350,1
6351,5
6352,1
6353,4
6354,4
6355,3
6356,4
6357,5
6358,4
6359,5
6360,4
6361,5
6362,1
6363,5
6364,5
6365,3
6366,1
6367,2
6368,4
6369,5
6370,5
6371,4
6372,5
6373,5
6374,4
6375,4
6376,2
6377,5
6378,5
6379,3
6380,5
6381,4
6382,4
6383,5
6384,4
6385,5
6386,3
6387,2
6388,4
6389,5
6390,1
6391,2
6392,4
6393,5
6394,2
6395,4
6396,4
6397,5
6398,5
6399,4
6400,5
6401,3
6402,4
6403,5
6404,4
6405,5
6406,5
6407,2
6408,3
6409,2
6410,5
6411,4
6412,4
6413,4
6414,4
6415,4
6416,5
6417,4
6418,5
6419,5
6420,3
6421,1
6422,5
6423,2
6424,4
6425,2
6426,5
6427,4
6428,1
6429,5
6430,2
6431,3
6432,4
6433,5
6434,5
6435,4
6436,5
6437,5
6438,4
6439,3
6440,5
6441,2
6442,5
6443,5
6444,4
6445,4
6446,3
6447,5
6448,5
6449,4
6450,4
6451,4
6452,4
6453,5
6454,2
6455,5
6456,4
6457,3
6458,4
6459,5
6460,5
6461,4
6462,2
6463,4
6464,4
6465,1
6466,4
6467,1
6468,1
6469,4
6470,4
6471,5
6472,5
6473,2
6474,4
6475,5
6476,4
6477,3
6478,3
6479,2
6480,5
6481,5
6482,4
6483,4
6484,3
6485,5
6486,2
6487,4
6488,5
6489,5
6490,5
6491,5
6492,5
6493,4
6494,5
6495,3
6496,5
6497,5
6498,5
6499,3
6500,2
6501,1
6502,5
6503,4
6504,5
6505,5
6506,3
6507,4
6508,5
6509,1
6510,4
6511,5
6512,3
6513,5
6514,3
6515,3
6516,2
6517,5
6518,1
6519,5
6520,1
6521,5
6522,1
6523,5
6524,5
6525,5
6526,5
6527,4
6528,2
6529,5
6530,5
6531,3
6532,2
6533,5
6534,2
6535,2
6536,4
6537,3
6538,5
6539,5
6540,5
6541,5
6542,4
6543,5
6544,2
6545,5
6546,5
6547,4
6548,5
6549,5
6550,2
6551,4
6552,3
6553,5
6554,4
6555,1
6556,4
6557,5
6558,5
6559,4
6560,5
6561,5
6562,4
6563,5
6564,3
6565,2
6566,2
6567,1
6568,5
6569,1
6570,5
6571,3
6572,5
6573,4
6574,4
6575,3
6576,5
6577,3
6578,4
6579,5
6580,4
6581,5
6582,5
6583,5
6584,5
6585,1
6586,5
6587,2
6588,5
6589,3
6590,2
6591,3
6592,5
6593,2
6594,4
6595,3
6596,4
6597,5
6598,5
6599,2
6600,3
6601,5
6602,5
6603,5
6604,3
6605,5
6606,3
6607,5
6608,4
6609,5
6610,5
6611,5
6612,5
6613,5
6614,4
6615,4
6616,5
6617,4
6618,4
6619,5
6620,2
6621,5
6622,5
6623,3
6624,4
6625,3
6626,5
6627,4
6628,5
6629,2
6630,3
6631,4
6632,5
6633,3
6634,4
6635,4
6636,5
6637,5
6638,4
6639,1
6640,5
6641,4
6642,4
6643,5
6644,3
6645,4
6646,2
6647,3
6648,5
6649,5
6650,5
6651,1
6652,4
6653,4
6654,4
6655,5
6656,4
6657,2
6658,4
6659,4
6660,5
6661,5
6662,5
6663,5
6664,4
6665,2
6666,3
6667,4
6668,1
6669,3
6670,3
6671,2
6672,5
6673,3
6674,5
6675,5
6676,4
6677,4
6678,5
6679,5
6680,5
6681,5
6682,3
6683,1
6684,2
6685,4
6686,5
6687,1
6688,4
6689,4
6690,4
6691,4
6692,5
6693,2
6694,4
6695,5
6696,3
6697,5
6698,4
6699,4
6700,5
6701,1
6702,4
6703,5
6704,4
6705,5
6706,3
6707,5
6708,5
6709,4
6710,5
6711,4
6712,2
6713,4
6714,4
6715,5
6716,5
6717,5
6718,5
6719,3
6720,4
6721,1
6722,5
6723,4
6724,5
6725,1
6726,4
6727,4
6728,5
6729,1
6730,1
6731,3
6732,5
6733,2
6734,4
6735,5
6736,2
6737,1
6738,5
6739,5
6740,5
6741,5
6742,4
6743,4
6744,3
6745,5
6746,5
6747,4
6748,4
6749,5
6750,1
6751,3
6752,5
6753,4
6754,2
6755,3
6756,5
6757,5
6758,4
6759,5
6760,4
6761,5
6762,5
6763,1
6764,5
6765,5
6766,5
6767,4
6768,4
6769,5
6770,5
6771,2
6772,2
6773,3
6774,3
6775,4
6776,5
6777,1
6778,4
6779,4
6780,4
6781,4
6782,5
6783,3
6784,1
6785,1
6786,2
6787,5
6788,2
6789,5
6790,4
6791,5
6792,5
6793,2
6794,1
6795,4
6796,5
6797,5
6798,4
6799,5
6800,5
6801,5
6802,3
6803,4
6804,2
6805,4
6806,4
6807,5
6808,5
6809,5
6810,2
6811,3
6812,5
6813,4
6814,4
6815,4
6816,2
6817,4
6818,4
6819,1
6820,5
6821,5
6822,4
6823,1
6824,5
6825,4
6826,5
6827,5
6828,4
6829,5
6830,3
6831,4
6832,5
6833,4
6834,4
6835,4
6836,5
6837,5
6838,1
6839,3
6840,4
6841,4
6842,5
6843,5
6844,2
6845,2
6846,2
6847,4
6848,5
6849,1
6850,2
6851,3
6852,4
6853,5
6854,4
6855,1
6856,2
6857,1
6858,4
6859,4
6860,3
6861,4
6862,5
6863,3
6864,3
6865,5
6866,5
6867,4
6868,3
6869,2
6870,5
6871,2
6872,4
6873,4
6874,5
6875,5
6876,3
6877,4
6878,4
6879,5
6880,3
6881,4
6882,1
6883,5
6884,4
6885,5
6886,2
6887,4
6888,4
6889,4
6890,3
6891,5
6892,4
6893,5
6894,4
6895,5
6896,3
6897,2
6898,4
6899,4
6900,5
6901,5
6902,5
6903,4
6904,5
6905,4
6906,5
6907,4
6908,5
6909,3
6910,4
6911,4
6912,5
6913,1
6914,3
6915,2
6916,2
6917,4
6918,3
6919,4
6920,5
6921,2
6922,4
6923,5
6924,4
6925,5
6926,4
6927,5
6928,5
6929,4
6930,5
6931,4
6932,5
6933,2
6934,3
6935,4
6936,5
6937,5
6938,2
6939,5
6940,3
6941,5
6942,5
6943,3
6944,3
6945,5
6946,2
6947,3
6948,4
6949,5
6950,4
6951,2
6952,5
6953,3
6954,2
6955,4
6956,5
6957,3
6958,5
6959,5
6960,5
6961,4
6962,4
6963,2
6964,4
6965,3
6966,4
6967,4
6968,2
6969,4
6970,4
6971,4
6972,2
6973,4
6974,4
6975,3
6976,4
6977,4
6978,2
6979,3
6980,5
6981,1
6982,1
6983,1
6984,4
6985,3
6986,4
6987,5
6988,3
6989,3
6990,2
6991,4
6992,2
6993,4
6994,5
6995,5
6996,5
6997,5
6998,1
6999,2
7000,4
7001,4
7002,5
7003,4
7004,5
7005,4
7006,5
7007,2
7008,5
7009,1
7010,5
7011,3
7012,2
7013,5
7014,5
7015,4
7016,4
7017,4
7018,4
7019,5
7020,5
7021,3
7022,5
7023,2
7024,1
7025,3
7026,3
7027,5
7028,1
7029,1
7030,5
7031,5
7032,3
7033,4
7034,5
7035,5
7036,4
7037,5
7038,5
7039,5
7040,5
7041,4
7042,5
7043,3
7044,5
7045,5
7046,4
7047,3
7048,5
7049,1
7050,3
7051,2
7052,4
7053,4
7054,5
7055,4
7056,2
7057,4
7058,5
7059,4
7060,4
7061,4
7062,5
7063,5
7064,4
7065,4
7066,5
7067,4
7068,3
7069,5
7070,4
7071,5
7072,5
7073,5
7074,5
7075,4
7076,5
7077,2
7078,5
7079,5
7080,5
7081,5
7082,4
7083,3
7084,5
7085,5
7086,5
7087,5
7088,5
7089,4
7090,4
7091,5
7092,4
7093,5
7094,5
7095,1
7096,2
7097,5
7098,2
7099,4
7100,5
7101,1
7102,2
7103,1
7104,5
7105,2
7106,5
7107,4
7108,5
7109,5
7110,3
7111,1
7112,5
7113,5
7114,4
7115,4
7116,5
7117,5
7118,4
7119,5
7120,4
7121,2
7122,5
7123,5
7124,5
7125,5
7126,5
7127,5
7128,5
7129,4
7130,5
7131,3
7132,4
7133,4
7134,2
7135,4
7136,5
7137,5
7138,4
7139,5
7140,4
7141,3
7142,5
7143,4
7144,3
7145,3
7146,2
7147,3
7148,3
7149,4
7150,1
7151,5
7152,4
7153,4
7154,5
7155,3
7156,5
7157,5
7158,4
7159,1
7160,5
7161,2
7162,5
7163,5
7164,5
7165,2
7166,2
7167,4
7168,5
7169,4
7170,4
7171,3
7172,5
7173,4
7174,5
7175,4
7176,1
7177,4
7178,5
7179,4
7180,5
7181,5
7182,4
7183,5
7184,3
7185,5
7186,5
7187,2
7188,4
7189,4
7190,4
7191,3
7192,3
7193,4
7194,4
7195,3
7196,4
7197,4
7198,3
7199,4
7200,5
7201,5
7202,3
7203,4
7204,3
7205,4
7206,2
7207,5
7208,5
7209,3
7210,5
7211,4
7212,1
7213,5
7214,5
7215,2
7216,5
7217,5
7218,3
7219,4
7220,1
7221,2
7222,5
7223,1
7224,4
7225,5
7226,4
7227,4
7228,5
7229,1
7230,5
7231,5
7232,5
7233,3
7234,5
7235,5
7236,4
7237,2
7238,4
7239,5
7240,3
7241,4
7242,5
7243,1
7244,1
7245,5
7246,2
7247,5
7248,4
7249,4
7250,5
7251,4
7252,2
7253,4
7254,3
7255,4
7256,5
7257,1
7258,3
7259,5
7260,4
7261,4
7262,2
7263,5
7264,1
7265,4
7266,5
7267,5
7268,5
7269,3
7270,3
7271,4
7272,4
7273,4
7274,5
7275,4
7276,4
7277,2
7278,5
7279,3
7280,5
7281,2
7282,5
7283,4
7284,4
7285,5
7286,3
7287,5
7288,5
7289,1
7290,3
7291,5
7292,5
7293,1
7294,3
7295,5
7296,4
7297,5
7298,5
7299,5
7300,5
7301,4
7302,5
7303,4
7304,4
7305,4
7306,5
7307,4
7308,5
7309,5
7310,5
7311,5
7312,5
7313,4
7314,5
7315,5
7316,4
7317,1
7318,5
7319,1
7320,2
7321,4
7322,4
7323,3
7324,4
7325,2
7326,5
7327,1
7328,5
7329,5
7330,4
7331,1
7332,2
7333,3
7334,5
7335,4
7336,5
7337,5
7338,1
7339,5
7340,4
7341,4
7342,5
7343,5
7344,5
7345,3
7346,5
7347,3
7348,5
7349,5
7350,5
7351,2
7352,5
7353,5
7354,5
7355,5
7356,5
7357,5
7358,5
7359,5
7360,5
7361,1
7362,4
7363,1
7364,2
7365,5
7366,3
7367,5
7368,2
7369,4
7370,2
7371,1
7372,4
7373,5
7374,3
7375,2
7376,4
7377,5
7378,4
7379,1
7380,5
7381,4
7382,3
7383,4
7384,5
7385,5
7386,5
7387,5
7388,5
7389,3
7390,4
7391,3
7392,5
7393,4
7394,4
7395,4
7396,4
7397,3
7398,5
7399,3
7400,4
7401,5
7402,5
7403,5
7404,4
7405,5
7406,1
7407,5
7408,5
7409,4
7410,5
7411,5
7412,4
7413,2
7414,1
7415,2
7416,4
7417,5
7418,5
7419,4
7420,5
7421,4
7422,5
7423,4
7424,4
7425,4
7426,4
7427,5
7428,5
7429,4
7430,5
7431,1
7432,5
7433,2
7434,4
7435,4
7436,5
7437,4
7438,5
7439,5
7440,4
7441,1
7442,3
7443,4
7444,2
7445,5
7446,4
7447,4
7448,5
7449,5
7450,4
7451,5
7452,4
7453,2
7454,2
7455,1
7456,4
7457,4
7458,3
7459,1
7460,2
7461,5
7462,5
7463,4
7464,1
7465,4
7466,4
7467,3
7468,2
7469,5
7470,5
7471,4
7472,4
7473,5
7474,5
7475,1
7476,3
7477,4
7478,4
7479,4
7480,4
7481,2
7482,1
7483,4
7484,4
7485,5
7486,5
7487,2
7488,5
7489,3
7490,4
7491,4
7492,4
7493,4
7494,4
7495,5
7496,5
7497,5
7498,4
7499,5
7500,1
7501,4
7502,3
7503,5
7504,4
7505,3
7506,4
7507,2
7508,5
7509,2
7510,4
7511,2
7512,4
7513,4
7514,2
7515,2
7516,5
7517,5
7518,5
7519,4
7520,4
7521,5
7522,5
7523,5
7524,5
7525,5
7526,3
7527,5
7528,4
7529,4
7530,4
7531,4
7532,5
7533,5
7534,5
7535,3
7536,5
7537,5
7538,5
7539,5
7540,4
7541,5
7542,4
7543,2
7544,4
7545,5
7546,4
7547,4
7548,5
7549,4
7550,5
7551,2
7552,1
7553,4
7554,5
7555,4
7556,5
7557,5
7558,1
7559,4
7560,5
7561,4
7562,3
7563,2
7564,4
7565,2
7566,3
7567,1
7568,5
7569,5
7570,5
7571,4
7572,5
7573,4
7574,5
7575,5
7576,3
7577,1
7578,4
7579,2
7580,4
7581,3
7582,5
7583,5
7584,5
7585,5
7586,5
7587,5
7588,5
7589,4
7590,4
7591,5
7592,4
7593,5
7594,4
7595,2
7596,2
7597,3
7598,5
7599,4
7600,3
7601,5
7602,4
7603,3
7604,5
7605,5
7606,3
7607,5
7608,2
7609,3
7610,3
7611,5
7612,5
7613,4
7614,2
7615,5
7616,5
7617,3
7618,4
7619,2
7620,2
7621,4
7622,5
7623,4
7624,5
7625,5
7626,5
7627,3
7628,3
7629,4
7630,5
7631,3
7632,2
7633,5
7634,3
7635,5
7636,3
7637,3
7638,4
7639,3
7640,4
7641,4
7642,5
7643,2
7644,5
7645,5
7646,5
7647,5
7648,3
7649,3
7650,4
7651,5
7652,5
7653,5
7654,4
7655,3
7656,5
7657,4
7658,4
7659,5
7660,2
7661,4
7662,5
7663,5
7664,4
7665,1
7666,4
7667,5
7668,4
7669,2
7670,5
7671,5
7672,4
7673,4
7674,4
7675,5
7676,5
7677,5
7678,2
7679,4
7680,5
7681,5
7682,2
7683,5
7684,5
7685,5
7686,4
7687,5
7688,4
7689,3
7690,3
7691,4
7692,4
7693,3
7694,5
7695,3
7696,5
7697,3
7698,3
7699,1
7700,2
7701,5
7702,5
7703,1
7704,4
7705,5
7706,4
7707,5
7708,3
7709,5
7710,4
7711,4
7712,4
7713,5
7714,5
7715,2
7716,1
7717,3
7718,3
7719,5
7720,1
7721,4
7722,4
7723,4
7724,2
7725,2
7726,4
7727,5
7728,5
7729,5
7730,3
7731,3
7732,2
7733,4
7734,3
7735,3
7736,4
7737,4
7738,5
7739,4
7740,4
7741,5
7742,3
7743,1
7744,5
7745,3
7746,2
7747,5
7748,5
7749,4
7750,1
7751,5
7752,5
7753,4
7754,1
7755,3
7756,4
7757,2
7758,5
7759,5
7760,4
7761,3
7762,4
7763,5
7764,3
7765,4
7766,4
7767,3
7768,3
7769,5
7770,5
7771,4
7772,5
7773,4
7774,4
7775,4
7776,2
7777,3
7778,2
7779,4
7780,5
7781,4
7782,5
7783,3
7784,4
7785,5
7786,4
7787,5
7788,5
7789,2
7790,4
7791,3
7792,2
7793,2
7794,4
7795,3
7796,5
7797,4
7798,5
7799,1
7800,5
7801,1
7802,5
7803,1
7804,4
7805,3
7806,5
7807,5
7808,5
7809,4
7810,4
7811,2
7812,4
7813,3
7814,5
7815,5
7816,4
7817,5
7818,4
7819,5
7820,5
7821,5
7822,1
7823,5
7824,4
7825,2
7826,4
7827,1
7828,1
7829,5
7830,1
7831,5
7832,5
7833,3
7834,2
7835,5
7836,4
7837,5
7838,5
7839,3
7840,4
7841,5
7842,5
7843,2
7844,5
7845,5
7846,5
7847,1
7848,5
7849,3
7850,5
7851,5
7852,5
7853,4
7854,5
7855,3
7856,5
7857,5
7858,4
7859,3
7860,1
7861,4
7862,4
7863,4
7864,5
7865,3
7866,4
7867,5
7868,4
7869,4
7870,5
7871,4
7872,5
7873,2
7874,3
7875,3
7876,1
7877,4
7878,4
7879,1
7880,5
7881,5
7882,5
7883,2
7884,5
7885,4
7886,4
7887,5
7888,5
7889,4
7890,5
7891,1
7892,5
7893,4
7894,1
7895,4
7896,5
7897,3
7898,3
7899,3
7900,3
7901,4
7902,5
7903,5
7904,5
7905,4
7906,5
7907,5
7908,3
7909,5
7910,3
7911,3
7912,5
7913,4
7914,4
7915,5
7916,5
7917,5
7918,5
7919,3
7920,2
7921,2
7922,4
7923,4
7924,4
7925,4
7926,5
7927,4
7928,4
7929,2
7930,1
7931,5
7932,5
7933,1
7934,1
7935,4
7936,5
7937,5
7938,5
7939,5
7940,4
7941,5
7942,5
7943,3
7944,5
7945,4
7946,5
7947,5
7948,4
7949,4
7950,3
7951,5
7952,5
7953,5
7954,2
7955,5
7956,4
7957,4
7958,1
7959,4
7960,4
7961,4
7962,3
7963,4
7964,1
7965,5
7966,5
7967,5
7968,4
7969,3
7970,4
7971,4
7972,4
7973,5
7974,5
7975,5
7976,4
7977,4
7978,3
7979,5
7980,5
7981,5
7982,2
7983,4
7984,1
7985,3
7986,2
7987,5
7988,1
7989,5
7990,4
7991,5
7992,4
7993,3
7994,5
7995,4
7996,5
7997,3
7998,4
7999,2
8000,5
8001,5
8002,1
8003,5
8004,3
8005,5
8006,1
8007,5
8008,1
8009,4
8010,5
8011,4
8012,5
8013,5
8014,5
8015,4
8016,4
8017,1
8018,4
8019,5
8020,5
8021,5
8022,4
8023,5
8024,3
8025,4
8026,5
8027,1
8028,2
8029,5
8030,5
8031,3
8032,4
8033,4
8034,2
8035,2
8036,4
8037,3
8038,4
8039,5
8040,2
8041,1
8042,4
8043,3
8044,4
8045,3
8046,4
8047,3
8048,5
8049,1
8050,4
8051,5
8052,5
8053,4
8054,2
8055,5
8056,1
8057,3
8058,5
8059,3
8060,2
8061,2
8062,5
8063,5
8064,5
8065,5
8066,2
8067,4
8068,5
8069,5
8070,4
8071,4
8072,5
8073,4
8074,5
8075,4
8076,4
8077,4
8078,1
8079,4
8080,4
8081,5
8082,5
8083,5
8084,2
8085,3
8086,4
8087,5
8088,5
8089,5
8090,2
8091,5
8092,2
8093,5
8094,5
8095,5
8096,4
8097,4
8098,1
8099,4
8100,4
8101,4
8102,5
8103,5
8104,2
8105,5
8106,5
8107,2
8108,5
8109,3
8110,1
8111,1
8112,4
8113,5
8114,5
8115,5
8116,4
8117,2
8118,5
8119,5
8120,5
8121,5
8122,4
8123,5
8124,4
8125,5
8126,3
8127,5
8128,4
8129,5
8130,4
8131,3
8132,5
8133,5
8134,5
8135,3
8136,4
8137,5
8138,4
8139,2
8140,4
8141,5
8142,5
8143,4
8144,5
8145,4
8146,4
8147,5
8148,4
8149,4
8150,5
8151,5
8152,5
8153,5
8154,4
8155,5
8156,5
8157,1
8158,4
8159,5
8160,4
8161,2
8162,4
8163,5
8164,4
8165,4
8166,4
8167,5
8168,3
8169,4
8170,4
8171,4
8172,4
8173,3
8174,5
8175,5
8176,5
8177,5
8178,3
8179,5
8180,3
8181,3
8182,5
8183,3
8184,3
8185,3
8186,5
8187,2
8188,5
8189,5
8190,3
8191,5
8192,5
8193,4
8194,5
8195,1
8196,4
8197,5
8198,2
8199,5
8200,5
8201,4
8202,5
8203,4
8204,5
8205,4
8206,4
8207,2
8208,4
8209,2
8210,4
8211,3
8212,4
8213,5
8214,3
8215,2
8216,4
8217,5
8218,5
8219,2
8220,5
8221,1
8222,5
8223,2
8224,5
8225,4
8226,4
8227,3
8228,5
8229,2
8230,2
8231,5
8232,1
8233,1
8234,5
8235,5
8236,5
8237,4
8238,5
8239,5
8240,5
8241,5
8242,4
8243,4
8244,5
8245,3
8246,4
8247,4
8248,5
8249,1
8250,5
8251,3
8252,5
8253,4
8254,4
8255,5
8256,3
8257,4
8258,3
8259,4
8260,4
8261,5
8262,5
8263,4
8264,5
8265,5
8266,3
8267,1
8268,4
8269,4
8270,1
8271,5
8272,5
8273,1
8274,5
8275,5
8276,4
8277,4
8278,3
8279,5
8280,5
8281,5
8282,3
8283,4
8284,4
8285,5
8286,5
8287,5
8288,4
8289,5
8290,5
8291,4
8292,5
8293,5
8294,5
8295,4
8296,3
8297,1
8298,3
8299,3
8300,5
8301,5
8302,5
8303,4
8304,5
8305,4
8306,3
8307,4
8308,1
8309,3
8310,5
8311,2
8312,5
8313,2
8314,3
8315,4
8316,5
8317,5
8318,5
8319,5
8320,2
8321,5
8322,2
8323,3
8324,3
8325,1
8326,5
8327,4
8328,5
8329,4
8330,3
8331,4
8332,5
8333,5
8334,1
8335,5
8336,3
8337,4
8338,5
8339,2
8340,2
8341,5
8342,5
8343,5
8344,5
8345,4
8346,5
8347,4
8348,5
8349,5
8350,5
8351,5
8352,5
8353,3
8354,4
8355,4
8356,3
8357,5
8358,5
8359,4
8360,4
8361,5
8362,3
8363,5
8364,3
8365,2
8366,5
8367,5
8368,5
8369,5
8370,5
8371,5
8372,4
8373,5
8374,5
8375,1
8376,2
8377,4
8378,4
8379,5
8380,2
8381,5
8382,4
8383,4
8384,5
8385,4
8386,5
8387,5
8388,5
8389,4
8390,4
8391,5
8392,5
8393,5
8394,5
8395,4
8396,5
8397,5
8398,3
8399,3
8400,5
8401,3
8402,5
8403,4
8404,5
8405,4
8406,5
8407,5
8408,5
8409,3
8410,2
8411,4
8412,4
8413,4
8414,5
8415,2
8416,3
8417,2
8418,4
8419,4
8420,4
8421,5
8422,4
8423,3
8424,3
8425,5
8426,5
8427,3
8428,4
8429,4
8430,5
8431,4
8432,4
8433,2
8434,3
8435,5
8436,4
8437,4
8438,5
8439,1
8440,4
8441,5
8442,3
8443,4
8444,5
8445,4
8446,3
8447,5
8448,4
8449,4
8450,4
8451,5
8452,4
8453,4
8454,5
8455,5
8456,4
8457,4
8458,5
8459,5
8460,5
8461,4
8462,2
8463,2
8464,1
8465,2
8466,4
8467,2
8468,5
8469,3
8470,5
8471,4
8472,4
8473,5
8474,5
8475,2
8476,3
8477,4
8478,4
8479,2
8480,4
8481,2
8482,4
8483,2
8484,5
8485,3
8486,3
8487,4
8488,4
8489,4
8490,5
8491,5
8492,4
8493,5
8494,4
8495,5
8496,1
8497,5
8498,5
8499,4
8500,4
8501,4
8502,5
8503,1
8504,3
8505,1
8506,5
8507,4
8508,5
8509,4
8510,5
8511,4
8512,5
8513,5
8514,5
8515,3
8516,4
8517,5
8518,4
8519,1
8520,5
8521,4
8522,3
8523,1
8524,5
8525,5
8526,4
8527,3
8528,2
8529,1
8530,3
8531,5
8532,5
8533,5
8534,3
8535,5
8536,5
8537,3
8538,4
8539,2
8540,5
8541,3
8542,4
8543,5
8544,5
8545,3
8546,4
8547,2
8548,4
8549,4
8550,4
8551,1
8552,3
8553,4
8554,4
8555,1
8556,5
8557,2
8558,4
8559,5
8560,5
8561,4
8562,5
8563,5
8564,5
8565,5
8566,3
8567,5
8568,2
8569,3
8570,4
8571,5
8572,1
8573,4
8574,5
8575,5
8576,4
8577,5
8578,5
8579,5
8580,5
8581,5
8582,4
8583,5
8584,5
8585,5
8586,5
8587,4
8588,4
8589,5
8590,4
8591,3
8592,5
8593,2
8594,5
8595,2
8596,3
8597,5
8598,3
8599,4
8600,5
8601,4
8602,4
8603,5
8604,5
8605,5
8606,2
8607,5
8608,5
8609,5
8610,4
8611,4
8612,4
8613,2
8614,5
8615,4
8616,4
8617,4
8618,5
8619,5
8620,3
8621,3
8622,1
8623,1
8624,3
8625,5
8626,4
8627,5
8628,2
8629,4
8630,4
8631,4
8632,3
8633,4
8634,4
8635,4
8636,4
8637,4
8638,5
8639,5
8640,4
8641,5
8642,5
8643,3
8644,3
8645,5
8646,4
8647,3
8648,3
8649,5
8650,5
8651,5
8652,2
8653,3
8654,5
8655,5
8656,1
8657,4
8658,1
8659,5
8660,5
8661,4
8662,3
8663,4
8664,3
8665,4
8666,3
8667,4
8668,3
8669,5
8670,3
8671,2
8672,5
8673,5
8674,4
8675,4
8676,5
8677,5
8678,4
8679,5
8680,5
8681,3
8682,4
8683,5
8684,4
8685,3
8686,5
8687,5
8688,5
8689,4
8690,1
8691,5
8692,5
8693,3
8694,4
8695,4
8696,2
8697,5
8698,4
8699,5
8700,5
8701,4
8702,5
8703,4
8704,5
8705,3
8706,5
8707,2
8708,1
8709,4
8710,5
8711,4
8712,3
8713,5
8714,5
8715,4
8716,4
8717,5
8718,5
8719,4
8720,5
8721,5
8722,5
8723,2
8724,2
8725,5
8726,4
8727,5
8728,5
8729,5
8730,4
8731,5
8732,4
8733,5
8734,3
8735,5
8736,4
8737,1
8738,4
8739,5
8740,4
8741,4
8742,5
8743,3
8744,3
8745,4
8746,5
8747,5
8748,5
8749,5
8750,5
8751,5
8752,5
8753,2
8754,5
8755,3
8756,2
8757,4
8758,5
8759,4
8760,5
8761,5
8762,4
8763,2
8764,5
8765,5
8766,1
8767,2
8768,5
8769,5
8770,5
8771,4
8772,2
8773,5
8774,4
8775,3
8776,2
8777,3
8778,3
8779,1
8780,5
8781,2
8782,3
8783,5
8784,4
8785,1
8786,5
8787,4
8788,5
8789,4
8790,5
8791,3
8792,5
8793,5
8794,5
8795,5
8796,1
8797,5
8798,4
8799,5
8800,5
8801,2
8802,3
8803,5
8804,5
8805,2
8806,5
8807,4
8808,3
8809,5
8810,5
8811,4
8812,3
8813,1
8814,5
8815,5
8816,5
8817,3
8818,4
8819,5
8820,4
8821,4
8822,4
8823,1
8824,5
8825,3
8826,4
8827,4
8828,4
8829,3
8830,4
8831,5
8832,4
8833,4
8834,5
8835,5
